gtfs_stop_id,station_id,complex_id,location_id,stop_name,borough,borough_code,division,line,daytime_routes,route_count,in_cbd,structure,structure_group,is_underground,latitude,longitude,platform_point_wkt,street_latitude,street_longitude,street_point_wkt,street_coord_source,platform_to_street_m,entrance_count,entrance_latitude,entrance_longitude,entrance_spread_m,entrance_types,has_elevator_entrance,entrance_outlier_count,ada,ada_northbound,ada_southbound,ada_status
R01,1,1,L0372,Astoria-Ditmars Blvd,Queens,Q,BMT,Astoria,N W,2,False,Elevated,Elevated,False,40.775036,-73.912034,POINT(-73.912034 40.775036),40.774975,-73.912086,POINT(-73.912086 40.774975),entrance_centroid,8.1,5,40.774975,-73.912086,56.4,Easement - Passage; Stair,False,0,0,0,0,Not accessible
R03,2,2,L0369,Astoria Blvd,Queens,Q,BMT,Astoria,N W,2,False,Elevated,Elevated,False,40.770258,-73.917843,POINT(-73.917843 40.770258),40.770615,-73.917463,POINT(-73.917463 40.770615),entrance_centroid,51.0,6,40.770615,-73.917463,130.7,Elevator; Stair,True,0,1,1,1,Fully accessible
R04,3,3,L0364,30 Av,Queens,Q,BMT,Astoria,N W,2,False,Elevated,Elevated,False,40.766779,-73.921479,POINT(-73.921479 40.766779),40.766983,-73.921299,POINT(-73.921299 40.766983),entrance_centroid,27.3,5,40.766983,-73.921299,96.9,Stair,False,0,0,0,0,Not accessible
R05,4,4,L0355,Broadway,Queens,Q,BMT,Astoria,N W,2,False,Elevated,Elevated,False,40.76182,-73.925508,POINT(-73.925508 40.76182),40.761846,-73.925476,POINT(-73.925476 40.761846),entrance_centroid,4.0,5,40.761846,-73.925476,110.6,Stair,False,0,0,0,0,Not accessible
R06,5,5,L0344,36 Av,Queens,Q,BMT,Astoria,N W,2,False,Elevated,Elevated,False,40.756804,-73.929575,POINT(-73.929575 40.756804),40.756568,-73.929827,POINT(-73.929827 40.756568),entrance_centroid,33.8,3,40.756568,-73.929827,45.4,Stair,False,0,0,0,0,Not accessible
R08,6,6,L0332,39 Av-Dutch Kills,Queens,Q,BMT,Astoria,N W,2,False,Elevated,Elevated,False,40.752882,-73.932755,POINT(-73.932755 40.752882),40.752697,-73.932922,POINT(-73.932922 40.752697),entrance_centroid,24.9,2,40.752697,-73.932922,40.4,Stair,False,0,0,0,0,Not accessible
R11,7,613,L0358,Lexington Av/59 St,Manhattan,M,BMT,Astoria,N R W,3,True,Subway,Underground,True,40.76266,-73.967258,POINT(-73.967258 40.76266),40.762188,-73.966131,POINT(-73.966131 40.762188),entrance_centroid,108.5,4,40.762188,-73.966131,57.7,Stair,False,0,0,0,0,Not accessible
R13,8,8,L0363,5 Av/59 St,Manhattan,M,BMT,Astoria,N R W,3,True,Subway,Underground,True,40.764811,-73.973347,POINT(-73.973347 40.764811),40.764979,-73.973332,POINT(-73.973332 40.764979),entrance_centroid,18.7,7,40.764979,-73.973332,224.1,Easement - Street; Stair,False,0,0,0,0,Not accessible
R14,9,9,L0362,57 St-7 Av,Manhattan,M,BMT,Broadway - Brighton,N Q R W,4,True,Subway,Underground,True,40.764664,-73.980658,POINT(-73.980658 40.764664),40.76487,-73.98052,POINT(-73.98052 40.76487),entrance_centroid,25.7,10,40.76487,-73.98052,230.2,Elevator; Stair,True,0,1,1,1,Fully accessible
R15,10,10,L0352,49 St,Manhattan,M,BMT,Broadway - Brighton,N R W,3,True,Subway,Underground,True,40.759901,-73.984139,POINT(-73.984139 40.759901),40.759983,-73.984107,POINT(-73.984107 40.759983),entrance_centroid,9.5,7,40.759983,-73.984107,215.6,Easement - Street; Stair,False,0,2,1,0,Partially accessible
R16,11,611,L0338,Times Sq-42 St,Manhattan,M,BMT,Broadway - Brighton,N Q R W,4,True,Subway,Underground,True,40.754672,-73.986754,POINT(-73.986754 40.754672),40.754337,-73.986885,POINT(-73.986885 40.754337),entrance_centroid,38.9,4,40.754337,-73.986885,54.5,Stair,False,0,1,1,1,Fully accessible
R17,12,607,L0320,34 St-Herald Sq,Manhattan,M,BMT,Broadway - Brighton,N Q R W,4,True,Subway,Underground,True,40.749567,-73.98795,POINT(-73.98795 40.749567),40.748967,-73.987988,POINT(-73.987988 40.748967),entrance_centroid,66.8,5,40.748967,-73.987988,199.4,Stair,False,4,1,1,1,Fully accessible
R18,13,13,L0305,28 St,Manhattan,M,BMT,Broadway - Brighton,R W,2,True,Subway,Underground,True,40.745494,-73.988691,POINT(-73.988691 40.745494),40.745307,-73.98877,POINT(-73.98877 40.745307),entrance_centroid,21.8,4,40.745307,-73.98877,60.3,Stair,False,0,0,0,0,Not accessible
R19,14,14,L0293,23 St,Manhattan,M,BMT,Broadway - Brighton,R W,2,True,Subway,Underground,True,40.741303,-73.989344,POINT(-73.989344 40.741303),40.741222,-73.989235,POINT(-73.989235 40.741222),entrance_centroid,12.9,8,40.741222,-73.989235,157.9,Stair,False,0,0,0,0,Not accessible
R20,15,602,L0284,14 St-Union Sq,Manhattan,M,BMT,Broadway - Brighton,N Q R W,4,True,Subway,Underground,True,40.735736,-73.990568,POINT(-73.990568 40.735736),40.735736,-73.990568,POINT(-73.990568 40.735736),platform_fallback,0.0,0,,,,,False,0,1,1,1,Fully accessible
R21,16,16,L0275,8 St-NYU,Manhattan,M,BMT,Broadway - Brighton,R W,2,True,Subway,Underground,True,40.730328,-73.992629,POINT(-73.992629 40.730328),40.730417,-73.992667,POINT(-73.992667 40.730417),entrance_centroid,10.4,8,40.730417,-73.992667,149.9,Stair,False,0,0,0,0,Not accessible
R22,17,17,L0266,Prince St,Manhattan,M,BMT,Broadway - Brighton,R W,2,True,Subway,Underground,True,40.724329,-73.997702,POINT(-73.997702 40.724329),40.724242,-73.997782,POINT(-73.997782 40.724242),entrance_centroid,11.8,4,40.724242,-73.997782,36.3,Stair,False,0,0,0,0,Not accessible
R23,18,623,L0259,Canal St,Manhattan,M,BMT,Broadway,R W,2,True,Subway,Underground,True,40.719527,-74.001775,POINT(-74.001775 40.719527),40.719434,-74.001943,POINT(-74.001943 40.719434),entrance_centroid,17.5,7,40.719434,-74.001943,79.3,Easement - Street; Stair,False,0,0,0,0,Not accessible
Q01,19,623,L0255,Canal St,Manhattan,M,BMT,Manhattan Bridge,N Q,2,True,Subway,Underground,True,40.718383,-74.00046,POINT(-74.00046 40.718383),40.718383,-74.00046,POINT(-74.00046 40.718383),platform_fallback,0.0,0,,,,,False,0,0,0,0,Not accessible
R24,20,20,L0243,City Hall,Manhattan,M,BMT,Broadway,R W,2,True,Subway,Underground,True,40.713282,-74.006978,POINT(-74.006978 40.713282),40.713364,-74.006838,POINT(-74.006838 40.713364),entrance_centroid,14.9,3,40.713364,-74.006838,49.8,Stair,False,0,0,0,0,Not accessible
R25,21,624,L0233,Cortlandt St,Manhattan,M,BMT,Broadway,R W,2,True,Subway,Underground,True,40.710668,-74.011029,POINT(-74.011029 40.710668),40.710606,-74.010201,POINT(-74.010201 40.710606),entrance_centroid,70.1,14,40.710606,-74.010201,298.6,Easement - Passage; Easement - Street; Stair; Station House,False,0,1,1,1,Fully accessible
R26,22,22,L0221,Rector St,Manhattan,M,BMT,Broadway,R W,2,True,Subway,Underground,True,40.70722,-74.013342,POINT(-74.013342 40.70722),40.707608,-74.013115,POINT(-74.013115 40.707608),entrance_centroid,47.2,9,40.707608,-74.013115,225.2,Stair,False,0,0,0,0,Not accessible
R27,23,635,L0208,Whitehall St-South Ferry,Manhattan,M,BMT,Broadway,R W,2,True,Subway,Underground,True,40.703087,-74.012994,POINT(-74.012994 40.703087),40.702999,-74.01297,POINT(-74.01297 40.702999),entrance_centroid,10.0,6,40.702999,-74.01297,282.0,Stair; Stair/Escalator,False,0,0,0,0,Not accessible
R28,24,620,L0187,Court St,Brooklyn,Bk,BMT,Broadway,R,1,False,Subway,Underground,True,40.6941,-73.991777,POINT(-73.991777 40.6941),40.694379,-73.992691,POINT(-73.992691 40.694379),entrance_centroid,83.1,3,40.694379,-73.992691,33.3,Stair,False,0,0,0,0,Not accessible
R29,25,636,L0180,Jay St-MetroTech,Brooklyn,Bk,BMT,Broadway,R,1,False,Subway,Underground,True,40.69218,-73.985942,POINT(-73.985942 40.69218),40.692174,-73.985748,POINT(-73.985748 40.692174),entrance_centroid,16.4,7,40.692174,-73.985748,93.5,Easement - Street; Stair,False,0,1,1,1,Fully accessible
R30,26,26,L0178,DeKalb Av,Brooklyn,Bk,BMT,Broadway - Brighton,B Q R,3,False,Subway,Underground,True,40.690635,-73.981824,POINT(-73.981824 40.690635),40.690334,-73.98158,POINT(-73.98158 40.690334),entrance_centroid,39.3,6,40.690334,-73.98158,231.3,Easement - Street; Stair,False,0,1,1,1,Fully accessible
R31,27,617,L0160,Atlantic Av-Barclays Ctr,Brooklyn,Bk,BMT,4th Av,D N R,3,False,Subway,Underground,True,40.683666,-73.97881,POINT(-73.97881 40.683666),40.683879,-73.978593,POINT(-73.978593 40.683879),entrance_centroid,29.9,3,40.683879,-73.978593,41.7,Elevator; Stair,True,0,1,1,1,Fully accessible
R32,28,28,L0136,Union St,Brooklyn,Bk,BMT,4th Av,R,1,False,Subway,Underground,True,40.677316,-73.98311,POINT(-73.98311 40.677316),40.677156,-73.98323,POINT(-73.98323 40.677156),entrance_centroid,20.5,4,40.677156,-73.98323,47.6,Stair,False,1,0,0,0,Not accessible
R33,29,608,L0122,4 Av-9 St,Brooklyn,Bk,BMT,4th Av,R,1,False,Subway,Underground,True,40.670847,-73.988302,POINT(-73.988302 40.670847),40.670472,-73.988632,POINT(-73.988632 40.670472),entrance_centroid,50.1,2,40.670472,-73.988632,28.7,Stair,False,0,0,0,0,Not accessible
R34,30,30,L0109,Prospect Av,Brooklyn,Bk,BMT,4th Av,R,1,False,Subway,Underground,True,40.665414,-73.992872,POINT(-73.992872 40.665414),40.665215,-73.99301,POINT(-73.99301 40.665215),entrance_centroid,25.0,3,40.665215,-73.99301,51.2,Stair,False,0,0,0,0,Not accessible
R35,31,31,L0099,25 St,Brooklyn,Bk,BMT,4th Av,R,1,False,Subway,Underground,True,40.660397,-73.998091,POINT(-73.998091 40.660397),40.660412,-73.998088,POINT(-73.998088 40.660412),entrance_centroid,1.7,2,40.660412,-73.998088,30.3,Stair,False,0,0,0,0,Not accessible
R36,32,32,L0094,36 St,Brooklyn,Bk,BMT,4th Av,D N R,3,False,Subway,Underground,True,40.655144,-74.003549,POINT(-74.003549 40.655144),40.654515,-74.004306,POINT(-74.004306 40.654515),entrance_centroid,94.7,3,40.654515,-74.004306,48.7,Stair,False,0,0,0,0,Not accessible
R39,33,33,L0089,45 St,Brooklyn,Bk,BMT,4th Av,R,1,False,Subway,Underground,True,40.648939,-74.010006,POINT(-74.010006 40.648939),40.649418,-74.00953,POINT(-74.00953 40.649418),entrance_centroid,66.7,4,40.649418,-74.00953,47.0,Stair,False,0,0,0,0,Not accessible
R40,34,34,L0085,53 St,Brooklyn,Bk,BMT,4th Av,R,1,False,Subway,Underground,True,40.645069,-74.014034,POINT(-74.014034 40.645069),40.644832,-74.014341,POINT(-74.014341 40.644832),entrance_centroid,37.0,5,40.644832,-74.014341,150.6,Stair,False,0,0,0,0,Not accessible
R41,35,35,L0081,59 St,Brooklyn,Bk,BMT,4th Av,N R,2,False,Subway,Underground,True,40.641362,-74.017881,POINT(-74.017881 40.641362),40.641264,-74.018003,POINT(-74.018003 40.641264),entrance_centroid,15.0,6,40.641264,-74.018003,184.0,Elevator; Stair,True,0,1,1,1,Fully accessible
R42,36,36,L0072,Bay Ridge Av,Brooklyn,Bk,BMT,4th Av,R,1,False,Subway,Underground,True,40.634967,-74.023377,POINT(-74.023377 40.634967),40.635026,-74.023409,POINT(-74.023409 40.635026),entrance_centroid,7.1,3,40.635026,-74.023409,82.9,Stair,False,0,0,0,0,Not accessible
R43,37,37,L0067,77 St,Brooklyn,Bk,BMT,4th Av,R,1,False,Subway,Underground,True,40.629742,-74.02551,POINT(-74.02551 40.629742),40.629493,-74.025628,POINT(-74.025628 40.629493),entrance_centroid,29.4,2,40.629493,-74.025628,21.1,Stair,False,0,0,0,0,Not accessible
R44,38,38,L0060,86 St,Brooklyn,Bk,BMT,4th Av,R,1,False,Subway,Underground,True,40.622687,-74.028398,POINT(-74.028398 40.622687),40.622763,-74.028411,POINT(-74.028411 40.622763),entrance_centroid,8.5,5,40.622763,-74.028411,116.9,Elevator; Stair,True,1,1,1,1,Fully accessible
R45,39,39,L0053,Bay Ridge-95 St,Brooklyn,Bk,BMT,4th Av,R,1,False,Subway,Underground,True,40.616622,-74.030876,POINT(-74.030876 40.616622),40.616628,-74.030908,POINT(-74.030908 40.616628),entrance_centroid,2.8,5,40.616628,-74.030908,203.2,Easement - Street; Stair,False,0,1,1,1,Fully accessible
D24,40,617,L0163,Atlantic Av-Barclays Ctr,Brooklyn,Bk,BMT,Broadway - Brighton,B Q,2,False,Subway,Underground,True,40.68446,-73.97689,POINT(-73.97689 40.68446),40.684336,-73.977012,POINT(-73.977012 40.684336),entrance_centroid,17.2,2,40.684336,-73.977012,222.6,Easement - Street,False,0,1,1,1,Fully accessible
D25,41,41,L0135,7 Av,Brooklyn,Bk,BMT,Broadway - Brighton,B Q,2,False,Subway,Underground,True,40.67705,-73.972367,POINT(-73.972367 40.67705),40.677351,-73.972491,POINT(-73.972491 40.677351),entrance_centroid,35.1,2,40.677351,-73.972491,50.2,Stair,False,0,0,0,0,Not accessible
D26,42,42,L0102,Prospect Park,Brooklyn,Bk,BMT,Broadway - Brighton,B Q S,3,False,Open Cut,Open Cut,False,40.661614,-73.962246,POINT(-73.962246 40.661614),40.661566,-73.962163,POINT(-73.962163 40.661566),entrance_centroid,8.8,2,40.661566,-73.962163,167.1,Station House,False,0,1,1,1,Fully accessible
D27,43,43,L0095,Parkside Av,Brooklyn,Bk,BMT,Broadway - Brighton,Q,1,False,Open Cut,Open Cut,False,40.655292,-73.961495,POINT(-73.961495 40.655292),40.65475,-73.961712,POINT(-73.961712 40.65475),entrance_centroid,63.0,2,40.65475,-73.961712,115.8,Stair; Station House,False,0,0,0,0,Not accessible
D28,44,44,L0090,Church Av,Brooklyn,Bk,BMT,Broadway - Brighton,B Q,2,False,Open Cut,Open Cut,False,40.650527,-73.962982,POINT(-73.962982 40.650527),40.65047,-73.963045,POINT(-73.963045 40.65047),entrance_centroid,8.3,2,40.65047,-73.963045,231.2,Station House,False,0,1,1,1,Fully accessible
D29,45,45,L0083,Beverley Rd,Brooklyn,Bk,BMT,Broadway - Brighton,Q,1,False,Open Cut,Open Cut,False,40.644031,-73.964492,POINT(-73.964492 40.644031),40.644272,-73.964528,POINT(-73.964528 40.644272),entrance_centroid,27.0,1,40.644272,-73.964528,0.0,Station House,False,0,0,0,0,Not accessible
D30,46,46,L0080,Cortelyou Rd,Brooklyn,Bk,BMT,Broadway - Brighton,Q,1,False,Open Cut,Open Cut,False,40.640927,-73.963891,POINT(-73.963891 40.640927),40.641314,-73.963996,POINT(-73.963996 40.641314),entrance_centroid,43.9,1,40.641314,-73.963996,0.0,Station House,False,0,0,0,0,Not accessible
D31,47,47,L0074,Newkirk Plaza,Brooklyn,Bk,BMT,Broadway - Brighton,B Q,2,False,Open Cut,Open Cut,False,40.635082,-73.962793,POINT(-73.962793 40.635082),40.635045,-73.96279,POINT(-73.96279 40.635045),entrance_centroid,4.1,2,40.635045,-73.96279,8.6,Station House,False,0,0,0,0,Not accessible
D32,48,48,L0066,Avenue H,Brooklyn,Bk,BMT,Broadway - Brighton,Q,1,False,Open Cut,Open Cut,False,40.62927,-73.961639,POINT(-73.961639 40.62927),40.62996,-73.96167,POINT(-73.96167 40.62996),entrance_centroid,76.8,6,40.62996,-73.96167,54.4,Ramp; Station House; Walkway,False,0,1,1,1,Fully accessible
D33,49,49,L0062,Avenue J,Brooklyn,Bk,BMT,Broadway - Brighton,Q,1,False,Open Cut,Open Cut,False,40.625039,-73.960803,POINT(-73.960803 40.625039),40.625244,-73.960839,POINT(-73.960839 40.625244),entrance_centroid,23.0,4,40.625244,-73.960839,43.4,Stair; Station House,False,0,0,0,0,Not accessible
D34,50,50,L0055,Avenue M,Brooklyn,Bk,BMT,Broadway - Brighton,Q,1,False,Open Cut,Open Cut,False,40.617618,-73.959399,POINT(-73.959399 40.617618),40.617987,-73.959501,POINT(-73.959501 40.617987),entrance_centroid,41.9,3,40.617987,-73.959501,31.9,Stair; Station House,False,0,0,0,0,Not accessible
D35,51,51,L0048,Kings Hwy,Brooklyn,Bk,BMT,Broadway - Brighton,B Q,2,False,Open Cut,Open Cut,False,40.60867,-73.957734,POINT(-73.957734 40.60867),40.608739,-73.957643,POINT(-73.957643 40.608739),entrance_centroid,10.9,3,40.608739,-73.957643,91.1,Station House,False,0,1,1,1,Fully accessible
D37,52,52,L0038,Avenue U,Brooklyn,Bk,BMT,Broadway - Brighton,Q,1,False,Open Cut,Open Cut,False,40.5993,-73.955929,POINT(-73.955929 40.5993),40.599011,-73.95594,POINT(-73.95594 40.599011),entrance_centroid,32.1,2,40.599011,-73.95594,14.4,Station House,False,0,0,0,0,Not accessible
D38,53,53,L0032,Neck Rd,Brooklyn,Bk,BMT,Broadway - Brighton,Q,1,False,Open Cut,Open Cut,False,40.595246,-73.955161,POINT(-73.955161 40.595246),40.595053,-73.95513,POINT(-73.95513 40.595053),entrance_centroid,21.6,3,40.595053,-73.95513,24.7,Station House,False,0,0,0,0,Not accessible
D39,54,54,L0023,Sheepshead Bay,Brooklyn,Bk,BMT,Broadway - Brighton,B Q,2,False,Open Cut,Open Cut,False,40.586896,-73.954155,POINT(-73.954155 40.586896),40.586518,-73.954298,POINT(-73.954298 40.586518),entrance_centroid,43.7,2,40.586518,-73.954298,174.8,Station House,False,0,1,1,1,Fully accessible
D40,55,55,L0016,Brighton Beach,Brooklyn,Bk,BMT,Broadway - Brighton,B Q,2,False,Elevated,Elevated,False,40.577621,-73.961376,POINT(-73.961376 40.577621),40.577673,-73.961169,POINT(-73.961169 40.577673),entrance_centroid,18.4,8,40.577673,-73.961169,179.0,Escalator; Stair,False,0,0,0,0,Not accessible
D41,56,56,L0014,Ocean Pkwy,Brooklyn,Bk,BMT,Broadway - Brighton,Q,1,False,Elevated,Elevated,False,40.576312,-73.968501,POINT(-73.968501 40.576312),40.576399,-73.968333,POINT(-73.968333 40.576399),entrance_centroid,17.2,6,40.576399,-73.968333,174.8,Stair,False,0,0,0,0,Not accessible
D42,57,57,L0013,W 8 St-NY Aquarium,Brooklyn,Bk,BMT,Broadway - Brighton,F Q,2,False,Elevated,Elevated,False,40.576127,-73.975939,POINT(-73.975939 40.576127),40.575942,-73.976304,POINT(-73.976304 40.575942),entrance_centroid,37.1,4,40.575942,-73.976304,189.7,Ramp; Stair,False,0,0,0,0,Not accessible
D43,58,58,L0015,Coney Island-Stillwell Av,Brooklyn,Bk,BMT,Sea Beach / West End / Culver / Brighton,D F N Q,4,False,Viaduct,Elevated,False,40.577422,-73.981233,POINT(-73.981233 40.577422),40.576385,-73.981005,POINT(-73.981005 40.576385),entrance_centroid,116.9,3,40.576385,-73.981005,127.1,Stair; Station House,False,0,1,1,1,Fully accessible
B12,59,59,L0087,9 Av,Brooklyn,Bk,BMT,West End,D,1,False,Open Cut,Open Cut,False,40.646292,-73.994324,POINT(-73.994324 40.646292),40.646402,-73.994475,POINT(-73.994475 40.646402),entrance_centroid,17.7,1,40.646402,-73.994475,0.0,Station House,False,0,0,0,0,Not accessible
B13,60,60,L0079,Fort Hamilton Pkwy,Brooklyn,Bk,BMT,West End,D,1,False,Elevated,Elevated,False,40.640914,-73.994304,POINT(-73.994304 40.640914),40.640772,-73.994312,POINT(-73.994312 40.640772),entrance_centroid,15.8,4,40.640772,-73.994312,133.1,Stair,False,0,0,0,0,Not accessible
B14,61,61,L0076,50 St,Brooklyn,Bk,BMT,West End,D,1,False,Elevated,Elevated,False,40.63626,-73.994791,POINT(-73.994791 40.63626),40.636358,-73.994786,POINT(-73.994786 40.636358),entrance_centroid,10.9,4,40.636358,-73.994786,27.6,Stair,False,0,0,0,0,Not accessible
B15,62,62,L0070,55 St,Brooklyn,Bk,BMT,West End,D,1,False,Elevated,Elevated,False,40.631435,-73.995476,POINT(-73.995476 40.631435),40.631542,-73.99539,POINT(-73.99539 40.631542),entrance_centroid,13.9,3,40.631542,-73.99539,47.0,Stair,False,0,0,0,0,Not accessible
B16,63,615,L0064,62 St,Brooklyn,Bk,BMT,West End,D,1,False,Elevated,Elevated,False,40.626472,-73.996895,POINT(-73.996895 40.626472),40.627269,-73.996689,POINT(-73.996689 40.627269),entrance_centroid,90.3,3,40.627269,-73.996689,39.9,Stair,False,0,1,1,1,Fully accessible
B17,64,64,L0056,71 St,Brooklyn,Bk,BMT,West End,D,1,False,Elevated,Elevated,False,40.619589,-73.998864,POINT(-73.998864 40.619589),40.619389,-73.998938,POINT(-73.998938 40.619389),entrance_centroid,23.1,6,40.619389,-73.998938,188.0,Stair,False,0,0,0,0,Not accessible
B18,65,65,L0051,79 St,Brooklyn,Bk,BMT,West End,D,1,False,Elevated,Elevated,False,40.613501,-74.00061,POINT(-74.00061 40.613501),40.613448,-74.000643,POINT(-74.000643 40.613448),entrance_centroid,6.5,4,40.613448,-74.000643,140.9,Stair,False,0,0,0,0,Not accessible
B19,66,66,L0046,18 Av,Brooklyn,Bk,BMT,West End,D,1,False,Elevated,Elevated,False,40.607954,-74.001736,POINT(-74.001736 40.607954),40.607745,-74.00167,POINT(-74.00167 40.607745),entrance_centroid,23.9,3,40.607745,-74.00167,46.5,Stair,False,0,0,0,0,Not accessible
B20,67,67,L0045,20 Av,Brooklyn,Bk,BMT,West End,D,1,False,Elevated,Elevated,False,40.604556,-73.998168,POINT(-73.998168 40.604556),40.604612,-73.998254,POINT(-73.998254 40.604612),entrance_centroid,9.6,4,40.604612,-73.998254,56.9,Stair,False,0,0,0,0,Not accessible
B21,68,68,L0040,Bay Pkwy,Brooklyn,Bk,BMT,West End,D,1,False,Elevated,Elevated,False,40.601875,-73.993728,POINT(-73.993728 40.601875),40.60199,-73.993856,POINT(-73.993856 40.60199),entrance_centroid,16.7,5,40.60199,-73.993856,70.5,Elevator; Stair,True,0,1,1,1,Fully accessible
B22,69,69,L0037,25 Av,Brooklyn,Bk,BMT,West End,D,1,False,Elevated,Elevated,False,40.597704,-73.986829,POINT(-73.986829 40.597704),40.597923,-73.987198,POINT(-73.987198 40.597923),entrance_centroid,39.5,4,40.597923,-73.987198,56.4,Stair,False,0,0,0,0,Not accessible
B23,70,70,L0025,Bay 50 St,Brooklyn,Bk,BMT,West End,D,1,False,Elevated,Elevated,False,40.588841,-73.983765,POINT(-73.983765 40.588841),40.588175,-73.983643,POINT(-73.983643 40.588175),entrance_centroid,74.8,4,40.588175,-73.983643,42.2,Stair,False,0,0,0,0,Not accessible
N02,71,71,L0073,8 Av,Brooklyn,Bk,BMT,Sea Beach,N,1,False,Open Cut,Open Cut,False,40.635064,-74.011719,POINT(-74.011719 40.635064),40.635052,-74.011703,POINT(-74.011703 40.635052),entrance_centroid,1.9,2,40.635052,-74.011703,198.9,Station House,False,0,1,1,1,Fully accessible
N03,72,72,L0069,Fort Hamilton Pkwy,Brooklyn,Bk,BMT,Sea Beach,N,1,False,Open Cut,Open Cut,False,40.631386,-74.005351,POINT(-74.005351 40.631386),40.631394,-74.005362,POINT(-74.005362 40.631394),entrance_centroid,1.3,2,40.631394,-74.005362,279.8,Station House,False,0,0,0,0,Not accessible
N04,73,615,L0061,New Utrecht Av,Brooklyn,Bk,BMT,Sea Beach,N,1,False,Open Cut,Open Cut,False,40.624842,-73.996353,POINT(-73.996353 40.624842),40.624926,-73.996396,POINT(-73.996396 40.624926),entrance_centroid,10.0,2,40.624926,-73.996396,168.0,Station House,False,0,1,1,1,Fully accessible
N05,74,74,L0057,18 Av,Brooklyn,Bk,BMT,Sea Beach,N,1,False,Open Cut,Open Cut,False,40.620671,-73.990414,POINT(-73.990414 40.620671),40.620693,-73.990447,POINT(-73.990447 40.620693),entrance_centroid,3.7,2,40.620693,-73.990447,219.9,Station House,False,0,0,0,0,Not accessible
N06,75,75,L0054,20 Av,Brooklyn,Bk,BMT,Sea Beach,N,1,False,Open Cut,Open Cut,False,40.61741,-73.985026,POINT(-73.985026 40.61741),40.617341,-73.98484,POINT(-73.98484 40.617341),entrance_centroid,17.5,1,40.617341,-73.98484,0.0,Station House,False,0,0,0,0,Not accessible
N07,76,76,L0050,Bay Pkwy,Brooklyn,Bk,BMT,Sea Beach,N,1,False,Open Cut,Open Cut,False,40.611815,-73.981848,POINT(-73.981848 40.611815),40.611795,-73.981854,POINT(-73.981854 40.611795),entrance_centroid,2.3,2,40.611795,-73.981854,268.3,Station House,False,0,0,0,0,Not accessible
N08,77,77,L0043,Kings Hwy,Brooklyn,Bk,BMT,Sea Beach,N,1,False,Open Cut,Open Cut,False,40.603923,-73.980353,POINT(-73.980353 40.603923),40.604169,-73.98039,POINT(-73.98039 40.604169),entrance_centroid,27.5,2,40.604169,-73.98039,210.9,Station House,False,0,0,0,0,Not accessible
N09,78,78,L0036,Avenue U,Brooklyn,Bk,BMT,Sea Beach,N,1,False,Open Cut,Open Cut,False,40.597473,-73.979137,POINT(-73.979137 40.597473),40.597492,-73.979142,POINT(-73.979142 40.597492),entrance_centroid,2.2,2,40.597492,-73.979142,229.1,Station House,False,0,0,0,0,Not accessible
N10,79,79,L0030,86 St,Brooklyn,Bk,BMT,Sea Beach,N,1,False,Open Cut,Open Cut,False,40.592721,-73.97823,POINT(-73.97823 40.592721),40.592752,-73.978238,POINT(-73.978238 40.592752),entrance_centroid,3.5,1,40.592752,-73.978238,0.0,Station House,False,0,0,0,0,Not accessible
J12,80,80,L0202,121 St,Queens,Q,BMT,Jamaica,J Z,2,False,Elevated,Elevated,False,40.700492,-73.828294,POINT(-73.828294 40.700492),40.700571,-73.828284,POINT(-73.828284 40.700571),entrance_centroid,8.8,4,40.700571,-73.828284,183.2,Stair,False,0,0,0,0,Not accessible
J13,81,81,L0192,111 St,Queens,Q,BMT,Jamaica,J,1,False,Elevated,Elevated,False,40.697418,-73.836345,POINT(-73.836345 40.697418),40.696934,-73.837102,POINT(-73.837102 40.696934),entrance_centroid,83.5,2,40.696934,-73.837102,36.1,Stair,False,0,0,0,0,Not accessible
J14,82,82,L0189,104 St,Queens,Q,BMT,Jamaica,J Z,2,False,Elevated,Elevated,False,40.695178,-73.84433,POINT(-73.84433 40.695178),40.69515,-73.84326,POINT(-73.84326 40.69515),entrance_centroid,90.3,2,40.69515,-73.84326,26.8,Stair,False,0,0,0,0,Not accessible
J15,83,83,L0186,Woodhaven Blvd,Queens,Q,BMT,Jamaica,J Z,2,False,Elevated,Elevated,False,40.693879,-73.851576,POINT(-73.851576 40.693879),40.693705,-73.851886,POINT(-73.851886 40.693705),entrance_centroid,32.5,3,40.693705,-73.851886,192.1,Stair,False,0,1,1,1,Fully accessible
J16,84,84,L0183,85 St-Forest Pkwy,Queens,Q,BMT,Jamaica,J,1,False,Elevated,Elevated,False,40.692435,-73.86001,POINT(-73.86001 40.692435),40.692532,-73.859024,POINT(-73.859024 40.692532),entrance_centroid,83.8,2,40.692532,-73.859024,37.1,Stair,False,0,0,0,0,Not accessible
J17,85,85,L0179,75 St-Elderts Ln,Queens,Q,BMT,Jamaica,J Z,2,False,Elevated,Elevated,False,40.691324,-73.867139,POINT(-73.867139 40.691324),40.691382,-73.866518,POINT(-73.866518 40.691382),entrance_centroid,52.8,2,40.691382,-73.866518,26.6,Stair,False,0,0,0,0,Not accessible
J19,86,86,L0176,Cypress Hills,Brooklyn,Bk,BMT,Jamaica,J,1,False,Elevated,Elevated,False,40.689941,-73.87255,POINT(-73.87255 40.689941),40.689736,-73.872878,POINT(-73.872878 40.689736),entrance_centroid,35.8,3,40.689736,-73.872878,178.7,Stair,False,0,0,0,0,Not accessible
J20,87,87,L0158,Crescent St,Brooklyn,Bk,BMT,Jamaica,J Z,2,False,Elevated,Elevated,False,40.683194,-73.873785,POINT(-73.873785 40.683194),40.683557,-73.872565,POINT(-73.872565 40.683557),entrance_centroid,110.5,2,40.683557,-73.872565,15.3,Stair,False,0,0,0,0,Not accessible
J21,88,88,L0154,Norwood Av,Brooklyn,Bk,BMT,Jamaica,J Z,2,False,Elevated,Elevated,False,40.68141,-73.880039,POINT(-73.880039 40.68141),40.681724,-73.879006,POINT(-73.879006 40.681724),entrance_centroid,93.8,2,40.681724,-73.879006,15.0,Stair,False,0,0,0,0,Not accessible
J22,89,89,L0147,Cleveland St,Brooklyn,Bk,BMT,Jamaica,J,1,False,Elevated,Elevated,False,40.679947,-73.884639,POINT(-73.884639 40.679947),40.679625,-73.885681,POINT(-73.885681 40.679625),entrance_centroid,94.9,2,40.679625,-73.885681,13.1,Stair,False,0,0,0,0,Not accessible
J23,90,90,L0137,Van Siclen Av,Brooklyn,Bk,BMT,Jamaica,J Z,2,False,Elevated,Elevated,False,40.678024,-73.891688,POINT(-73.891688 40.678024),40.677797,-73.891622,POINT(-73.891622 40.677797),entrance_centroid,25.8,2,40.677797,-73.891622,11.8,Stair,False,0,0,0,0,Not accessible
J24,91,91,L0133,Alabama Av,Brooklyn,Bk,BMT,Jamaica,J Z,2,False,Elevated,Elevated,False,40.676992,-73.898654,POINT(-73.898654 40.676992),40.676797,-73.89971,POINT(-73.89971 40.676797),entrance_centroid,91.7,2,40.676797,-73.89971,34.0,Stair,False,0,0,0,0,Not accessible
J27,92,621,L0144,Broadway Junction,Brooklyn,Bk,BMT,Jamaica,J Z,2,False,Elevated,Elevated,False,40.679498,-73.904512,POINT(-73.904512 40.679498),40.679498,-73.904512,POINT(-73.904512 40.679498),platform_fallback,0.0,0,,,,,False,0,0,0,0,Not accessible
J28,93,93,L0157,Chauncey St,Brooklyn,Bk,BMT,Jamaica,J Z,2,False,Elevated,Elevated,False,40.682893,-73.910456,POINT(-73.910456 40.682893),40.683396,-73.911337,POINT(-73.911337 40.683396),entrance_centroid,93.0,2,40.683396,-73.911337,16.5,Stair,False,0,0,0,0,Not accessible
J29,94,94,L0167,Halsey St,Brooklyn,Bk,BMT,Jamaica,J,1,False,Elevated,Elevated,False,40.68637,-73.916559,POINT(-73.916559 40.68637),40.685925,-73.915751,POINT(-73.915751 40.685925),entrance_centroid,84.2,2,40.685925,-73.915751,16.1,Stair,False,0,0,0,0,Not accessible
J30,95,95,L0175,Gates Av,Brooklyn,Bk,BMT,Jamaica,J Z,2,False,Elevated,Elevated,False,40.68963,-73.92227,POINT(-73.92227 40.68963),40.690101,-73.923113,POINT(-73.923113 40.690101),entrance_centroid,88.3,2,40.690101,-73.923113,16.1,Stair,False,0,0,0,0,Not accessible
J31,96,96,L0185,Kosciuszko St,Brooklyn,Bk,BMT,Jamaica,J,1,False,Elevated,Elevated,False,40.693342,-73.928814,POINT(-73.928814 40.693342),40.692934,-73.928092,POINT(-73.928092 40.692934),entrance_centroid,75.9,2,40.692934,-73.928092,26.2,Stair,False,0,0,0,0,Not accessible
M11,97,97,L0191,Myrtle Av,Brooklyn,Bk,BMT,Jamaica,M J Z,3,False,Elevated,Elevated,False,40.697207,-73.935657,POINT(-73.935657 40.697207),40.69697,-73.935516,POINT(-73.935516 40.69697),entrance_centroid,28.9,2,40.69697,-73.935516,17.2,Stair,False,0,0,0,0,Not accessible
M12,98,98,L0199,Flushing Av,Brooklyn,Bk,BMT,Jamaica,M J,2,False,Elevated,Elevated,False,40.70026,-73.941126,POINT(-73.941126 40.70026),40.700406,-73.941346,POINT(-73.941346 40.700406),entrance_centroid,24.6,6,40.700406,-73.941346,210.7,Elevator; Stair,True,0,1,1,1,Fully accessible
M13,99,99,L0210,Lorimer St,Brooklyn,Bk,BMT,Jamaica,M J,2,False,Elevated,Elevated,False,40.703869,-73.947408,POINT(-73.947408 40.703869),40.703872,-73.947422,POINT(-73.947422 40.703872),entrance_centroid,1.2,4,40.703872,-73.947422,192.1,Stair,False,0,0,0,0,Not accessible
M14,100,100,L0220,Hewes St,Brooklyn,Bk,BMT,Jamaica,M J,2,False,Elevated,Elevated,False,40.70687,-73.953431,POINT(-73.953431 40.70687),40.706876,-73.953412,POINT(-73.953412 40.706876),entrance_centroid,1.7,4,40.706876,-73.953412,199.5,Stair,False,0,0,0,0,Not accessible
M16,101,101,L0226,Marcy Av,Brooklyn,Bk,BMT,Jamaica,M J Z,3,False,Elevated,Elevated,False,40.708359,-73.957757,POINT(-73.957757 40.708359),40.70851,-73.958163,POINT(-73.958163 40.70851),entrance_centroid,38.1,8,40.70851,-73.958163,122.6,Elevator; Stair,True,0,1,1,1,Fully accessible
M18,102,625,L0253,Delancey St-Essex St,Manhattan,M,BMT,Jamaica,M J Z,3,True,Subway,Underground,True,40.718315,-73.987437,POINT(-73.987437 40.718315),40.718488,-73.987412,POINT(-73.987412 40.718488),entrance_centroid,19.4,2,40.718488,-73.987412,42.7,Stair,False,0,0,0,0,Not accessible
M19,103,103,L0260,Bowery,Manhattan,M,BMT,Jamaica,J Z,2,True,Subway,Underground,True,40.72028,-73.993915,POINT(-73.993915 40.72028),40.720151,-73.993478,POINT(-73.993478 40.720151),entrance_centroid,39.5,2,40.720151,-73.993478,35.5,Stair,False,0,0,0,0,Not accessible
M20,104,623,L0251,Canal St,Manhattan,M,BMT,Jamaica,J Z,2,True,Subway,Underground,True,40.718092,-73.999892,POINT(-73.999892 40.718092),40.717838,-74.000276,POINT(-74.000276 40.717838),entrance_centroid,43.0,1,40.717838,-74.000276,0.0,Easement - Street,False,0,0,0,0,Not accessible
M21,105,622,L0242,Chambers St,Manhattan,M,BMT,Jamaica,J Z,2,True,Subway,Underground,True,40.713243,-74.003401,POINT(-74.003401 40.713243),40.713449,-74.003643,POINT(-74.003643 40.713449),entrance_centroid,30.7,2,40.713449,-74.003643,183.7,Easement - Street; Stair,False,0,1,1,1,Fully accessible
M22,106,628,L0231,Fulton St,Manhattan,M,BMT,Jamaica,J Z,2,True,Subway,Underground,True,40.710374,-74.007582,POINT(-74.007582 40.710374),40.709896,-74.007934,POINT(-74.007934 40.709896),entrance_centroid,60.9,8,40.709896,-74.007934,143.4,Easement - Passage; Easement - Street; Stair,False,0,1,1,1,Fully accessible
M23,107,107,L0217,Broad St,Manhattan,M,BMT,Jamaica,J Z,2,True,Subway,Underground,True,40.706476,-74.011056,POINT(-74.011056 40.706476),40.706696,-74.010914,POINT(-74.010914 40.706696),entrance_centroid,27.2,9,40.706696,-74.010914,300.3,Easement - Passage; Easement - Street; Stair,False,0,0,0,0,Not accessible
M01,108,108,L0234,Middle Village-Metropolitan Av,Queens,Q,BMT,Myrtle Av,M,1,False,Elevated,Elevated,False,40.711396,-73.889601,POINT(-73.889601 40.711396),40.712214,-73.889229,POINT(-73.889229 40.712214),entrance_centroid,96.2,1,40.712214,-73.889229,0.0,Station House,False,0,1,1,1,Fully accessible
M04,109,109,L0216,Fresh Pond Rd,Queens,Q,BMT,Myrtle Av,M,1,False,Elevated,Elevated,False,40.706186,-73.895877,POINT(-73.895877 40.706186),40.706129,-73.895948,POINT(-73.895948 40.706129),entrance_centroid,8.7,3,40.706129,-73.895948,80.2,Stair,False,0,0,0,0,Not accessible
M05,110,110,L0211,Forest Av,Queens,Q,BMT,Myrtle Av,M,1,False,Elevated,Elevated,False,40.704423,-73.903077,POINT(-73.903077 40.704423),40.704609,-73.902311,POINT(-73.902311 40.704609),entrance_centroid,67.8,2,40.704609,-73.902311,39.2,Stair,False,0,0,0,0,Not accessible
M06,111,111,L0207,Seneca Av,Queens,Q,BMT,Myrtle Av,M,1,False,Elevated,Elevated,False,40.702762,-73.90774,POINT(-73.90774 40.702762),40.702823,-73.907704,POINT(-73.907704 40.702823),entrance_centroid,7.4,2,40.702823,-73.907704,33.5,Stair,False,0,0,0,0,Not accessible
M08,112,630,L0197,Myrtle-Wyckoff Avs,Brooklyn,Bk,BMT,Myrtle Av,M,1,False,Elevated,Elevated,False,40.69943,-73.912385,POINT(-73.912385 40.69943),40.69943,-73.912385,POINT(-73.912385 40.69943),platform_fallback,0.0,0,,,,,False,0,1,1,1,Fully accessible
M09,113,113,L0195,Knickerbocker Av,Brooklyn,Bk,BMT,Myrtle Av,M,1,False,Elevated,Elevated,False,40.698664,-73.919711,POINT(-73.919711 40.698664),40.698825,-73.918712,POINT(-73.918712 40.698825),entrance_centroid,86.1,2,40.698825,-73.918712,25.8,Stair,False,0,0,0,0,Not accessible
M10,114,114,L0194,Central Av,Brooklyn,Bk,BMT,Myrtle Av,M,1,False,Elevated,Elevated,False,40.697857,-73.927397,POINT(-73.927397 40.697857),40.697969,-73.926406,POINT(-73.926406 40.697969),entrance_centroid,84.5,2,40.697969,-73.926406,24.7,Stair,False,0,0,0,0,Not accessible
L01,115,618,L0289,8 Av,Manhattan,M,BMT,Canarsie,L,1,True,Subway,Underground,True,40.739777,-74.002578,POINT(-74.002578 40.739777),40.739649,-74.002605,POINT(-74.002605 40.739649),entrance_centroid,14.4,2,40.739649,-74.002605,43.6,Stair,False,0,1,1,1,Fully accessible
L02,116,601,L0286,6 Av,Manhattan,M,BMT,Canarsie,L,1,True,Subway,Underground,True,40.737335,-73.996786,POINT(-73.996786 40.737335),40.737184,-73.996642,POINT(-73.996642 40.737184),entrance_centroid,20.7,2,40.737184,-73.996642,16.7,Stair,False,0,1,1,1,Fully accessible
L03,117,602,L0283,14 St-Union Sq,Manhattan,M,BMT,Canarsie,L,1,True,Subway,Underground,True,40.734789,-73.99073,POINT(-73.99073 40.734789),40.734823,-73.991154,POINT(-73.991154 40.734823),entrance_centroid,35.9,2,40.734823,-73.991154,31.4,Stair,False,0,1,1,1,Fully accessible
L05,118,118,L0279,3 Av,Manhattan,M,BMT,Canarsie,L,1,True,Subway,Underground,True,40.732849,-73.986122,POINT(-73.986122 40.732849),40.733129,-73.98679,POINT(-73.98679 40.733129),entrance_centroid,64.3,4,40.733129,-73.98679,59.6,Stair,False,0,0,0,0,Not accessible
L06,119,119,L0276,1 Av,Manhattan,M,BMT,Canarsie,L,1,True,Subway,Underground,True,40.730953,-73.981628,POINT(-73.981628 40.730953),40.730853,-73.981357,POINT(-73.981357 40.730853),entrance_centroid,25.4,10,40.730853,-73.981357,215.8,Elevator; Stair,True,0,1,1,1,Fully accessible
L08,120,120,L0250,Bedford Av,Brooklyn,Bk,BMT,Canarsie,L,1,False,Subway,Underground,True,40.717304,-73.956872,POINT(-73.956872 40.717304),40.717439,-73.957053,POINT(-73.957053 40.717439),entrance_centroid,21.4,9,40.717439,-73.957053,183.0,Elevator; Stair,True,0,1,1,1,Fully accessible
L10,121,629,L0245,Lorimer St,Brooklyn,Bk,BMT,Canarsie,L,1,False,Subway,Underground,True,40.714063,-73.950275,POINT(-73.950275 40.714063),40.714084,-73.949372,POINT(-73.949372 40.714084),entrance_centroid,76.1,4,40.714084,-73.949372,41.5,Elevator; Stair,True,0,1,1,1,Fully accessible
L11,122,122,L0248,Graham Av,Brooklyn,Bk,BMT,Canarsie,L,1,False,Subway,Underground,True,40.714565,-73.944053,POINT(-73.944053 40.714565),40.714554,-73.944387,POINT(-73.944387 40.714554),entrance_centroid,28.2,4,40.714554,-73.944387,43.7,Stair,False,0,0,0,0,Not accessible
L12,123,123,L0236,Grand St,Brooklyn,Bk,BMT,Canarsie,L,1,False,Subway,Underground,True,40.711926,-73.94067,POINT(-73.94067 40.711926),40.712034,-73.940708,POINT(-73.940708 40.712034),entrance_centroid,12.4,6,40.712034,-73.940708,57.8,Elevator; Stair,True,0,1,1,1,Fully accessible
L13,124,124,L0225,Montrose Av,Brooklyn,Bk,BMT,Canarsie,L,1,False,Subway,Underground,True,40.707739,-73.93985,POINT(-73.93985 40.707739),40.707801,-73.939923,POINT(-73.939923 40.707801),entrance_centroid,9.2,2,40.707801,-73.939923,32.8,Stair,False,0,0,0,0,Not accessible
L14,125,125,L0215,Morgan Av,Brooklyn,Bk,BMT,Canarsie,L,1,False,Subway,Underground,True,40.706152,-73.933147,POINT(-73.933147 40.706152),40.706221,-73.932431,POINT(-73.932431 40.706221),entrance_centroid,60.8,3,40.706221,-73.932431,165.3,Stair; Station House,False,0,0,0,0,Not accessible
L15,126,126,L0218,Jefferson St,Brooklyn,Bk,BMT,Canarsie,L,1,False,Subway,Underground,True,40.706607,-73.922913,POINT(-73.922913 40.706607),40.706488,-73.922647,POINT(-73.922647 40.706488),entrance_centroid,26.0,6,40.706488,-73.922647,219.7,Stair; Station House,False,0,0,0,0,Not accessible
L16,127,127,L0209,DeKalb Av,Brooklyn,Bk,BMT,Canarsie,L,1,False,Subway,Underground,True,40.703811,-73.918425,POINT(-73.918425 40.703811),40.703874,-73.918506,POINT(-73.918506 40.703874),entrance_centroid,9.8,8,40.703874,-73.918506,206.5,Stair,False,0,0,0,0,Not accessible
L17,128,630,L0198,Myrtle-Wyckoff Avs,Brooklyn,Bk,BMT,Canarsie,L,1,False,Subway,Underground,True,40.699814,-73.911586,POINT(-73.911586 40.699814),40.699687,-73.911021,POINT(-73.911021 40.699687),entrance_centroid,49.7,3,40.699687,-73.911021,61.9,Stair; Station House,False,0,1,1,1,Fully accessible
L19,129,129,L0190,Halsey St,Queens,Q,BMT,Canarsie,L,1,False,Subway,Underground,True,40.695602,-73.904084,POINT(-73.904084 40.695602),40.695743,-73.904376,POINT(-73.904376 40.695743),entrance_centroid,29.2,6,40.695743,-73.904376,212.7,Stair,False,0,0,0,0,Not accessible
L20,130,130,L0172,Wilson Av,Brooklyn,Bk,BMT,Canarsie,L,1,False,Subway,Underground,True,40.688764,-73.904046,POINT(-73.904046 40.688764),40.688805,-73.904741,POINT(-73.904741 40.688805),entrance_centroid,58.8,1,40.688805,-73.904741,0.0,Station House,False,0,2,1,0,Partially accessible
L21,131,131,L0156,Bushwick Av-Aberdeen St,Brooklyn,Bk,BMT,Canarsie,L,1,False,Subway,Underground,True,40.682829,-73.905249,POINT(-73.905249 40.682829),40.682323,-73.905155,POINT(-73.905155 40.682323),entrance_centroid,56.8,1,40.682323,-73.905155,0.0,Station House,False,0,0,0,0,Not accessible
L22,132,621,L0141,Broadway Junction,Brooklyn,Bk,BMT,Canarsie,L,1,False,Elevated,Elevated,False,40.678856,-73.90324,POINT(-73.90324 40.678856),40.678856,-73.90324,POINT(-73.90324 40.678856),platform_fallback,0.0,0,,,,,False,0,0,0,0,Not accessible
L24,133,133,L0131,Atlantic Av,Brooklyn,Bk,BMT,Canarsie,L,1,False,Elevated,Elevated,False,40.675345,-73.903097,POINT(-73.903097 40.675345),40.67552,-73.902817,POINT(-73.902817 40.67552),entrance_centroid,30.6,3,40.67552,-73.902817,40.3,Stair,False,0,0,0,0,Not accessible
L25,134,134,L0116,Sutter Av,Brooklyn,Bk,BMT,Canarsie,L,1,False,Elevated,Elevated,False,40.669367,-73.901975,POINT(-73.901975 40.669367),40.668527,-73.901765,POINT(-73.901765 40.668527),entrance_centroid,95.1,1,40.668527,-73.901765,0.0,Stair,False,0,0,0,0,Not accessible
L26,135,135,L0106,Livonia Av,Brooklyn,Bk,BMT,Canarsie,L,1,False,Elevated,Elevated,False,40.664038,-73.900571,POINT(-73.900571 40.664038),40.663803,-73.900579,POINT(-73.900579 40.663803),entrance_centroid,26.1,2,40.663803,-73.900579,18.0,Stair; Station House,False,0,1,1,1,Fully accessible
L27,136,136,L0097,New Lots Av,Brooklyn,Bk,BMT,Canarsie,L,1,False,Elevated,Elevated,False,40.658733,-73.899232,POINT(-73.899232 40.658733),40.659003,-73.899314,POINT(-73.899314 40.659003),entrance_centroid,30.8,1,40.659003,-73.899314,0.0,Stair,False,0,0,0,0,Not accessible
L28,137,137,L0091,East 105 St,Brooklyn,Bk,BMT,Canarsie,L,1,False,At Grade,At Grade,False,40.650573,-73.899485,POINT(-73.899485 40.650573),40.651405,-73.899025,POINT(-73.899025 40.651405),entrance_centroid,100.3,2,40.651405,-73.899025,30.7,Stair,False,0,0,0,0,Not accessible
L29,138,138,L0088,Canarsie-Rockaway Pkwy,Brooklyn,Bk,BMT,Canarsie,L,1,False,At Grade,At Grade,False,40.646654,-73.90185,POINT(-73.90185 40.646654),40.645709,-73.902327,POINT(-73.902327 40.645709),entrance_centroid,112.5,4,40.645709,-73.902327,83.9,Station House; Walkway,False,0,1,1,1,Fully accessible
S01,139,627,L0151,Franklin Av,Brooklyn,Bk,BMT,Franklin Shuttle,S,1,False,Elevated,Elevated,False,40.680596,-73.955827,POINT(-73.955827 40.680596),40.681082,-73.955869,POINT(-73.955869 40.681082),entrance_centroid,54.2,1,40.681082,-73.955869,0.0,Station House,False,0,1,1,1,Fully accessible
S03,141,141,L0129,Park Pl,Brooklyn,Bk,BMT,Franklin Shuttle,S,1,False,Open Cut,Open Cut,False,40.674772,-73.957624,POINT(-73.957624 40.674772),40.674876,-73.957762,POINT(-73.957762 40.674876),entrance_centroid,16.4,2,40.674876,-73.957762,79.3,Ramp; Stair,False,0,1,1,1,Fully accessible
S04,142,626,L0120,Botanic Garden,Brooklyn,Bk,BMT,Franklin Shuttle,S,1,False,Open Cut,Open Cut,False,40.670343,-73.959245,POINT(-73.959245 40.670343),40.670611,-73.959111,POINT(-73.959111 40.670611),entrance_centroid,31.9,1,40.670611,-73.959111,0.0,Stair,False,0,0,0,0,Not accessible
A02,143,143,L0473,Inwood-207 St,Manhattan,M,IND,8th Av - Fulton St,A,1,False,Subway,Underground,True,40.868072,-73.919899,POINT(-73.919899 40.868072),40.867873,-73.920645,POINT(-73.920645 40.867873),entrance_centroid,66.5,6,40.867873,-73.920645,200.7,Elevator; Stair,True,0,1,1,1,Fully accessible
A03,144,144,L0470,Dyckman St,Manhattan,M,IND,8th Av - Fulton St,A,1,False,Subway,Underground,True,40.865491,-73.927271,POINT(-73.927271 40.865491),40.865461,-73.927318,POINT(-73.927318 40.865461),entrance_centroid,5.2,7,40.865461,-73.927318,114.4,Easement - Street; Stair,False,0,0,0,0,Not accessible
A05,145,145,L0464,190 St,Manhattan,M,IND,8th Av - Fulton St,A,1,False,Subway,Underground,True,40.859022,-73.93418,POINT(-73.93418 40.859022),40.858901,-73.933462,POINT(-73.933462 40.858901),entrance_centroid,61.9,2,40.858901,-73.933462,127.8,Stair; Station House,False,0,0,0,0,Not accessible
A06,146,146,L0455,181 St,Manhattan,M,IND,8th Av - Fulton St,A,1,False,Subway,Underground,True,40.851695,-73.937969,POINT(-73.937969 40.851695),40.851471,-73.937902,POINT(-73.937902 40.851471),entrance_centroid,25.5,6,40.851471,-73.937902,295.3,Stair; Station House,False,0,1,1,1,Fully accessible
A07,147,147,L0450,175 St,Manhattan,M,IND,8th Av - Fulton St,A,1,False,Subway,Underground,True,40.847391,-73.939704,POINT(-73.939704 40.847391),40.847571,-73.939655,POINT(-73.939655 40.847571),entrance_centroid,20.4,8,40.847571,-73.939655,213.1,Easement - Passage; Elevator; Stair,True,0,1,1,1,Fully accessible
A09,148,605,L0444,168 St,Manhattan,M,IND,8th Av - Fulton St,A C,2,False,Subway,Underground,True,40.840719,-73.939561,POINT(-73.939561 40.840719),40.841416,-73.939356,POINT(-73.939356 40.841416),entrance_centroid,79.4,5,40.841416,-73.939356,139.8,Elevator; Stair,True,0,1,1,1,Fully accessible
A10,149,149,L0436,163 St-Amsterdam Av,Manhattan,M,IND,8th Av - Fulton St,C,1,False,Subway,Underground,True,40.836013,-73.939892,POINT(-73.939892 40.836013),40.835446,-73.939955,POINT(-73.939955 40.835446),entrance_centroid,63.3,3,40.835446,-73.939955,85.8,Easement - Street; Stair,False,0,0,0,0,Not accessible
A11,150,150,L0429,155 St,Manhattan,M,IND,8th Av - Fulton St,C,1,False,Subway,Underground,True,40.830518,-73.941514,POINT(-73.941514 40.830518),40.830985,-73.94142,POINT(-73.94142 40.830985),entrance_centroid,52.5,6,40.830985,-73.94142,62.2,Stair,False,0,0,0,0,Not accessible
A12,151,151,L0420,145 St,Manhattan,M,IND,8th Av - Fulton St,A C,2,False,Subway,Underground,True,40.824783,-73.944216,POINT(-73.944216 40.824783),40.824545,-73.944394,POINT(-73.944394 40.824545),entrance_centroid,30.4,6,40.824545,-73.944394,244.5,Easement - Street; Stair,False,0,0,0,0,Not accessible
D13,151,151,L0420,145 St,Manhattan,M,IND,Concourse,B D,2,False,Subway,Underground,True,40.824783,-73.944216,POINT(-73.944216 40.824783),40.824545,-73.944394,POINT(-73.944394 40.824545),entrance_centroid,30.4,6,40.824545,-73.944394,244.5,Easement - Street; Stair,False,0,0,0,0,Not accessible
A14,152,152,L0410,135 St,Manhattan,M,IND,8th Av - Fulton St,C B,2,False,Subway,Underground,True,40.817894,-73.947649,POINT(-73.947649 40.817894),40.817505,-73.947745,POINT(-73.947745 40.817505),entrance_centroid,44.0,6,40.817505,-73.947745,200.7,Stair,False,0,0,0,0,Not accessible
A15,153,153,L0402,125 St,Manhattan,M,IND,8th Av - Fulton St,A C B D,4,False,Subway,Underground,True,40.811109,-73.952343,POINT(-73.952343 40.811109),40.811105,-73.952338,POINT(-73.952338 40.811105),entrance_centroid,0.6,7,40.811105,-73.952338,209.2,Elevator; Stair,True,0,1,1,1,Fully accessible
A16,154,154,L0395,116 St,Manhattan,M,IND,8th Av - Fulton St,C B,2,False,Subway,Underground,True,40.805085,-73.954882,POINT(-73.954882 40.805085),40.804403,-73.955344,POINT(-73.955344 40.804403),entrance_centroid,85.2,4,40.804403,-73.955344,72.5,Stair,False,0,0,0,0,Not accessible
A17,155,155,L0391,Cathedral Pkwy (110 St),Manhattan,M,IND,8th Av - Fulton St,C B,2,False,Subway,Underground,True,40.800603,-73.958161,POINT(-73.958161 40.800603),40.800297,-73.958571,POINT(-73.958571 40.800297),entrance_centroid,48.5,3,40.800297,-73.958571,104.7,Stair,False,0,0,0,0,Not accessible
A18,156,156,L0387,103 St,Manhattan,M,IND,8th Av - Fulton St,C B,2,False,Subway,Underground,True,40.796092,-73.961454,POINT(-73.961454 40.796092),40.796298,-73.961672,POINT(-73.961672 40.796298),entrance_centroid,29.4,1,40.796298,-73.961672,0.0,Stair,False,0,0,0,0,Not accessible
A19,157,157,L0384,96 St,Manhattan,M,IND,8th Av - Fulton St,C B,2,False,Subway,Underground,True,40.791642,-73.964696,POINT(-73.964696 40.791642),40.79218,-73.964563,POINT(-73.964563 40.79218),entrance_centroid,60.9,3,40.79218,-73.964563,119.7,Stair,False,0,0,0,0,Not accessible
A20,158,158,L0381,86 St,Manhattan,M,IND,8th Av - Fulton St,C B,2,False,Subway,Underground,True,40.785868,-73.968916,POINT(-73.968916 40.785868),40.785786,-73.96924,POINT(-73.96924 40.785786),entrance_centroid,28.8,5,40.785786,-73.96924,202.9,Stair,False,0,0,0,0,Not accessible
A21,159,159,L0377,81 St-Museum of Natural History,Manhattan,M,IND,8th Av - Fulton St,C B,2,False,Subway,Underground,True,40.781433,-73.972143,POINT(-73.972143 40.781433),40.781364,-73.972465,POINT(-73.972465 40.781364),entrance_centroid,28.2,4,40.781364,-73.972465,244.8,Easement - Passage; Stair,False,0,0,0,0,Not accessible
A22,160,160,L0373,72 St,Manhattan,M,IND,8th Av - Fulton St,C B,2,False,Subway,Underground,True,40.775594,-73.97641,POINT(-73.97641 40.775594),40.775873,-73.976485,POINT(-73.976485 40.775873),entrance_centroid,31.7,3,40.775873,-73.976485,195.9,Stair,False,0,0,0,0,Not accessible
A24,161,614,L0367,59 St-Columbus Circle,Manhattan,M,IND,8th Av - Fulton St,A C B D,4,True,Subway,Underground,True,40.768296,-73.981736,POINT(-73.981736 40.768296),40.767515,-73.98245,POINT(-73.98245 40.767515),entrance_centroid,105.6,12,40.767515,-73.98245,310.2,Easement - Street; Elevator; Stair,True,0,1,1,1,Fully accessible
A25,162,162,L0356,50 St,Manhattan,M,IND,8th Av - Fulton St,C E,2,True,Subway,Underground,True,40.762456,-73.985984,POINT(-73.985984 40.762456),40.762125,-73.986104,POINT(-73.986104 40.762125),entrance_centroid,38.2,9,40.762125,-73.986104,263.2,Easement - Street; Stair,False,0,2,0,1,Partially accessible
A27,163,611,L0347,42 St-Port Authority Bus Terminal,Manhattan,M,IND,8th Av - Fulton St,A C E,3,True,Subway,Underground,True,40.757308,-73.989735,POINT(-73.989735 40.757308),40.757248,-73.989931,POINT(-73.989931 40.757248),entrance_centroid,17.8,11,40.757248,-73.989931,378.0,Easement - Passage; Easement - Street; Stair,False,0,1,1,1,Fully accessible
A28,164,164,L0330,34 St-Penn Station,Manhattan,M,IND,8th Av - Fulton St,A C E,3,True,Subway,Underground,True,40.752287,-73.993391,POINT(-73.993391 40.752287),40.752186,-73.993449,POINT(-73.993449 40.752186),entrance_centroid,12.2,17,40.752186,-73.993449,242.6,Easement - Passage; Elevator; Stair,True,0,1,1,1,Fully accessible
A30,165,165,L0307,23 St,Manhattan,M,IND,8th Av - Fulton St,C E,2,True,Subway,Underground,True,40.745906,-73.998041,POINT(-73.998041 40.745906),40.746001,-73.997946,POINT(-73.997946 40.746001),entrance_centroid,13.3,11,40.746001,-73.997946,221.9,Stair,False,0,0,0,0,Not accessible
A31,166,618,L0291,14 St,Manhattan,M,IND,8th Av - Fulton St,A C E,3,True,Subway,Underground,True,40.740893,-74.00169,POINT(-74.00169 40.740893),40.740551,-74.001983,POINT(-74.001983 40.740551),entrance_centroid,45.3,9,40.740551,-74.001983,204.1,Easement - Passage; Elevator; Stair,True,0,1,1,1,Fully accessible
A32,167,167,L0278,W 4 St-Wash Sq,Manhattan,M,IND,8th Av - Fulton St,A C E,3,True,Subway,Underground,True,40.732338,-74.000495,POINT(-74.000495 40.732338),40.732102,-74.000622,POINT(-74.000622 40.732102),entrance_centroid,28.3,6,40.732102,-74.000622,281.9,Easement - Street; Elevator; Stair,True,0,1,1,1,Fully accessible
D20,167,167,L0278,W 4 St-Wash Sq,Manhattan,M,IND,6th Av - Culver,B D F M,4,True,Subway,Underground,True,40.732338,-74.000495,POINT(-74.000495 40.732338),40.732102,-74.000622,POINT(-74.000622 40.732102),entrance_centroid,28.3,6,40.732102,-74.000622,281.9,Easement - Street; Elevator; Stair,True,0,1,1,1,Fully accessible
A33,168,168,L0270,Spring St,Manhattan,M,IND,8th Av - Fulton St,C E,2,True,Subway,Underground,True,40.726227,-74.003739,POINT(-74.003739 40.726227),40.725794,-74.004053,POINT(-74.004053 40.725794),entrance_centroid,54.9,3,40.725794,-74.004053,90.9,Easement - Street; Stair,False,0,2,0,1,Partially accessible
A34,169,169,L0261,Canal St,Manhattan,M,IND,8th Av - Fulton St,A C E,3,True,Subway,Underground,True,40.720824,-74.005229,POINT(-74.005229 40.720824),40.720823,-74.005187,POINT(-74.005187 40.720823),entrance_centroid,3.5,6,40.720823,-74.005187,237.2,Easement - Passage; Stair,False,0,0,0,0,Not accessible
A36,170,624,L0246,Chambers St,Manhattan,M,IND,8th Av - Fulton St,A C,2,True,Subway,Underground,True,40.714111,-74.008585,POINT(-74.008585 40.714111),40.714504,-74.008358,POINT(-74.008358 40.714504),entrance_centroid,47.7,9,40.714504,-74.008358,192.0,Stair,False,0,0,0,0,Not accessible
E01,171,624,L0237,World Trade Center,Manhattan,M,IND,8th Av - Fulton St,E,1,True,Subway,Underground,True,40.712582,-74.009781,POINT(-74.009781 40.712582),40.712574,-74.009801,POINT(-74.009801 40.712574),entrance_centroid,1.9,11,40.712574,-74.009801,242.3,Easement - Passage; Elevator; Stair,True,0,1,1,1,Fully accessible
A38,172,628,L0229,Fulton St,Manhattan,M,IND,8th Av - Fulton St,A C,2,True,Subway,Underground,True,40.710197,-74.007691,POINT(-74.007691 40.710197),40.710197,-74.007691,POINT(-74.007691 40.710197),platform_fallback,0.0,0,,,,,False,0,1,1,1,Fully accessible
A40,173,173,L0196,High St,Brooklyn,Bk,IND,8th Av - Fulton St,A C,2,False,Subway,Underground,True,40.699337,-73.990531,POINT(-73.990531 40.699337),40.699261,-73.989531,POINT(-73.989531 40.699261),entrance_centroid,84.7,3,40.699261,-73.989531,266.3,Stair,False,0,0,0,0,Not accessible
A41,174,636,L0181,Jay St-MetroTech,Brooklyn,Bk,IND,8th Av - Fulton St,A C F,3,False,Subway,Underground,True,40.692338,-73.987342,POINT(-73.987342 40.692338),40.692542,-73.987346,POINT(-73.987346 40.692542),entrance_centroid,22.7,10,40.692542,-73.987346,224.1,Easement - Street; Stair,False,0,1,1,1,Fully accessible
A42,175,175,L0171,Hoyt-Schermerhorn Sts,Brooklyn,Bk,IND,8th Av - Fulton St,A C G,3,False,Subway,Underground,True,40.688484,-73.985001,POINT(-73.985001 40.688484),40.688732,-73.98508,POINT(-73.98508 40.688732),entrance_centroid,28.4,2,40.688732,-73.98508,147.2,Easement - Street,False,0,0,0,0,Not accessible
A43,176,176,L0165,Lafayette Av,Brooklyn,Bk,IND,8th Av - Fulton St,C,1,False,Subway,Underground,True,40.686113,-73.973946,POINT(-73.973946 40.686113),40.68601,-73.973644,POINT(-73.973644 40.68601),entrance_centroid,27.9,9,40.68601,-73.973644,190.9,Stair,False,0,0,0,0,Not accessible
A44,177,177,L0159,Clinton-Washington Avs,Brooklyn,Bk,IND,8th Av - Fulton St,C,1,False,Subway,Underground,True,40.683263,-73.965838,POINT(-73.965838 40.683263),40.683335,-73.966148,POINT(-73.966148 40.683335),entrance_centroid,27.3,6,40.683335,-73.966148,224.4,Stair,False,0,0,0,0,Not accessible
A45,178,627,L0153,Franklin Av,Brooklyn,Bk,IND,8th Av - Fulton St,C,1,False,Subway,Underground,True,40.68138,-73.956848,POINT(-73.956848 40.68138),40.681256,-73.95559,POINT(-73.95559 40.681256),entrance_centroid,107.0,1,40.681256,-73.95559,0.0,Stair,False,0,1,1,1,Fully accessible
A46,179,179,L0150,Nostrand Av,Brooklyn,Bk,IND,8th Av - Fulton St,A C,2,False,Subway,Underground,True,40.680438,-73.950426,POINT(-73.950426 40.680438),40.680478,-73.950794,POINT(-73.950794 40.680478),entrance_centroid,31.3,6,40.680478,-73.950794,332.4,Stair,False,0,0,0,0,Not accessible
A47,180,180,L0146,Kingston-Throop Avs,Brooklyn,Bk,IND,8th Av - Fulton St,C,1,False,Subway,Underground,True,40.679921,-73.940858,POINT(-73.940858 40.679921),40.679893,-73.940798,POINT(-73.940798 40.679893),entrance_centroid,5.9,4,40.679893,-73.940798,102.4,Stair,False,0,0,0,0,Not accessible
A48,181,181,L0142,Utica Av,Brooklyn,Bk,IND,8th Av - Fulton St,A C,2,False,Subway,Underground,True,40.679364,-73.930729,POINT(-73.930729 40.679364),40.679404,-73.930745,POINT(-73.930745 40.679404),entrance_centroid,4.6,5,40.679404,-73.930745,206.7,Elevator; Stair,True,0,1,1,1,Fully accessible
A49,182,182,L0140,Ralph Av,Brooklyn,Bk,IND,8th Av - Fulton St,C,1,False,Subway,Underground,True,40.678822,-73.920786,POINT(-73.920786 40.678822),40.678957,-73.92162,POINT(-73.92162 40.678957),entrance_centroid,71.9,3,40.678957,-73.92162,63.0,Stair,False,0,0,0,0,Not accessible
A50,183,183,L0139,Rockaway Av,Brooklyn,Bk,IND,8th Av - Fulton St,C,1,False,Subway,Underground,True,40.67834,-73.911946,POINT(-73.911946 40.67834),40.678351,-73.911781,POINT(-73.911781 40.678351),entrance_centroid,14.0,6,40.678351,-73.911781,266.6,Stair,False,0,0,0,0,Not accessible
A51,184,621,L0138,Broadway Junction,Brooklyn,Bk,IND,8th Av - Fulton St,A C,2,False,Subway,Underground,True,40.678334,-73.905316,POINT(-73.905316 40.678334),40.678353,-73.903933,POINT(-73.903933 40.678353),entrance_centroid,116.6,1,40.678353,-73.903933,0.0,Station House,False,0,0,0,0,Not accessible
A52,185,185,L0128,Liberty Av,Brooklyn,Bk,IND,8th Av - Fulton St,C,1,False,Subway,Underground,True,40.674542,-73.896548,POINT(-73.896548 40.674542),40.674392,-73.896526,POINT(-73.896526 40.674392),entrance_centroid,16.8,4,40.674392,-73.896526,54.1,Stair,False,0,0,0,0,Not accessible
A53,186,186,L0125,Van Siclen Av,Brooklyn,Bk,IND,8th Av - Fulton St,C,1,False,Subway,Underground,True,40.67271,-73.890358,POINT(-73.890358 40.67271),40.672676,-73.890348,POINT(-73.890348 40.672676),entrance_centroid,3.9,4,40.672676,-73.890348,54.7,Stair,False,0,0,0,0,Not accessible
A54,187,187,L0127,Shepherd Av,Brooklyn,Bk,IND,8th Av - Fulton St,C,1,False,Subway,Underground,True,40.67413,-73.88075,POINT(-73.88075 40.67413),40.674135,-73.880806,POINT(-73.880806 40.674135),entrance_centroid,4.8,4,40.674135,-73.880806,42.8,Stair,False,0,0,0,0,Not accessible
A55,188,188,L0132,Euclid Av,Brooklyn,Bk,IND,8th Av - Fulton St,A C,2,False,Subway,Underground,True,40.675377,-73.872106,POINT(-73.872106 40.675377),40.675438,-73.871926,POINT(-73.871926 40.675438),entrance_centroid,16.6,5,40.675438,-73.871926,46.0,Elevator; Stair,True,0,1,1,1,Fully accessible
A57,189,189,L0134,Grant Av,Brooklyn,Bk,IND,Liberty Av,A,1,False,Subway,Underground,True,40.677044,-73.86505,POINT(-73.86505 40.677044),40.676813,-73.865464,POINT(-73.865464 40.676813),entrance_centroid,43.3,1,40.676813,-73.865464,0.0,Station House,False,0,0,0,0,Not accessible
A59,190,190,L0143,80 St,Queens,Q,IND,Liberty Av,A,1,False,Elevated,Elevated,False,40.679371,-73.858992,POINT(-73.858992 40.679371),40.679377,-73.859145,POINT(-73.859145 40.679377),entrance_centroid,12.9,4,40.679377,-73.859145,198.7,Stair,False,0,0,0,0,Not accessible
A60,191,191,L0145,88 St,Queens,Q,IND,Liberty Av,A,1,False,Elevated,Elevated,False,40.679843,-73.85147,POINT(-73.85147 40.679843),40.679922,-73.850423,POINT(-73.850423 40.679922),entrance_centroid,88.7,2,40.679922,-73.850423,18.5,Stair,False,0,0,0,0,Not accessible
A61,192,192,L0149,Rockaway Blvd,Queens,Q,IND,Liberty Av,A,1,False,Elevated,Elevated,False,40.680429,-73.843853,POINT(-73.843853 40.680429),40.680474,-73.843856,POINT(-73.843856 40.680474),entrance_centroid,5.0,4,40.680474,-73.843856,231.5,Stair,False,0,1,1,1,Fully accessible
A63,193,193,L0155,104 St,Queens,Q,IND,Liberty Av,A,1,False,Elevated,Elevated,False,40.681711,-73.837683,POINT(-73.837683 40.681711),40.681747,-73.837846,POINT(-73.837846 40.681747),entrance_centroid,14.3,4,40.681747,-73.837846,203.8,Stair,False,0,0,0,0,Not accessible
A64,194,194,L0161,111 St,Queens,Q,IND,Liberty Av,A,1,False,Elevated,Elevated,False,40.684331,-73.832163,POINT(-73.832163 40.684331),40.684437,-73.831889,POINT(-73.831889 40.684437),entrance_centroid,25.9,4,40.684437,-73.831889,197.3,Stair,False,0,0,0,0,Not accessible
A65,195,195,L0164,Ozone Park-Lefferts Blvd,Queens,Q,IND,Liberty Av,A,1,False,Elevated,Elevated,False,40.685951,-73.825798,POINT(-73.825798 40.685951),40.686048,-73.825468,POINT(-73.825468 40.686048),entrance_centroid,29.8,5,40.686048,-73.825468,240.8,Elevator; Stair,True,0,1,1,1,Fully accessible
H01,196,196,L0124,Aqueduct Racetrack,Queens,Q,IND,Rockaway,A,1,False,At Grade,At Grade,False,40.672097,-73.835919,POINT(-73.835919 40.672097),40.672197,-73.835593,POINT(-73.835593 40.672197),entrance_centroid,29.7,4,40.672197,-73.835593,60.6,Elevator; Ramp; Stair,True,0,1,1,1,Fully accessible
H02,197,197,L0114,Aqueduct-N Conduit Av,Queens,Q,IND,Rockaway,A,1,False,At Grade,At Grade,False,40.668234,-73.834058,POINT(-73.834058 40.668234),40.668606,-73.834266,POINT(-73.834266 40.668606),entrance_centroid,44.9,3,40.668606,-73.834266,297.7,Stair; Station House,False,0,0,0,0,Not accessible
H03,198,198,L0100,Howard Beach-JFK Airport,Queens,Q,IND,Rockaway,A,1,False,At Grade,At Grade,False,40.660476,-73.830301,POINT(-73.830301 40.660476),40.660394,-73.830491,POINT(-73.830491 40.660394),entrance_centroid,18.4,4,40.660394,-73.830491,37.5,Elevator; Stair,True,0,1,1,1,Fully accessible
H04,199,199,L0047,Broad Channel,Queens,Q,IND,Rockaway,A S,2,False,At Grade,At Grade,False,40.608382,-73.815925,POINT(-73.815925 40.608382),40.608063,-73.815982,POINT(-73.815982 40.608063),entrance_centroid,35.8,1,40.608063,-73.815982,0.0,Stair,False,0,0,0,0,Not accessible
H12,200,200,L0024,Beach 90 St,Queens,Q,IND,Rockaway,A S,2,False,Viaduct,Elevated,False,40.588034,-73.813641,POINT(-73.813641 40.588034),40.587966,-73.813953,POINT(-73.813953 40.587966),entrance_centroid,27.4,4,40.587966,-73.813953,40.9,Stair,False,0,0,0,0,Not accessible
H13,201,201,L0022,Beach 98 St,Queens,Q,IND,Rockaway,A S,2,False,Viaduct,Elevated,False,40.585307,-73.820558,POINT(-73.820558 40.585307),40.585407,-73.820339,POINT(-73.820339 40.585407),entrance_centroid,21.6,3,40.585407,-73.820339,37.1,Stair,False,0,0,0,0,Not accessible
H14,202,202,L0020,Beach 105 St,Queens,Q,IND,Rockaway,A S,2,False,Viaduct,Elevated,False,40.583209,-73.827559,POINT(-73.827559 40.583209),40.58329,-73.827261,POINT(-73.827261 40.58329),entrance_centroid,26.7,3,40.58329,-73.827261,33.5,Stair,False,0,0,0,0,Not accessible
H15,203,203,L0018,Rockaway Park-Beach 116 St,Queens,Q,IND,Rockaway,A S,2,False,At Grade,At Grade,False,40.580903,-73.835592,POINT(-73.835592 40.580903),40.580547,-73.837414,POINT(-73.837414 40.580547),entrance_centroid,158.9,1,40.580547,-73.837414,0.0,Station House,False,0,1,1,1,Fully accessible
H06,204,204,L0028,Beach 67 St,Queens,Q,IND,Rockaway,A,1,False,Viaduct,Elevated,False,40.590927,-73.796924,POINT(-73.796924 40.590927),40.591015,-73.796565,POINT(-73.796565 40.591015),entrance_centroid,31.9,7,40.591015,-73.796565,143.7,Elevator; Stair,True,0,1,1,1,Fully accessible
H07,205,205,L0029,Beach 60 St,Queens,Q,IND,Rockaway,A,1,False,Viaduct,Elevated,False,40.592374,-73.788522,POINT(-73.788522 40.592374),40.592365,-73.788899,POINT(-73.788899 40.592365),entrance_centroid,31.8,5,40.592365,-73.788899,170.8,Stair,False,0,0,0,0,Not accessible
H08,206,206,L0031,Beach 44 St,Queens,Q,IND,Rockaway,A,1,False,Viaduct,Elevated,False,40.592943,-73.776013,POINT(-73.776013 40.592943),40.593004,-73.775844,POINT(-73.775844 40.593004),entrance_centroid,15.8,4,40.593004,-73.775844,34.4,Stair,False,0,0,0,0,Not accessible
H09,207,207,L0033,Beach 36 St,Queens,Q,IND,Rockaway,A,1,False,Viaduct,Elevated,False,40.595398,-73.768175,POINT(-73.768175 40.595398),40.595506,-73.768091,POINT(-73.768091 40.595506),entrance_centroid,13.9,4,40.595506,-73.768091,43.8,Stair,False,0,0,0,0,Not accessible
H10,208,208,L0039,Beach 25 St,Queens,Q,IND,Rockaway,A,1,False,Viaduct,Elevated,False,40.600066,-73.761353,POINT(-73.761353 40.600066),40.599659,-73.761753,POINT(-73.761753 40.599659),entrance_centroid,56.5,3,40.599659,-73.761753,38.7,Stair,False,0,0,0,0,Not accessible
H11,209,209,L0044,Far Rockaway-Mott Av,Queens,Q,IND,Rockaway,A,1,False,Viaduct,Elevated,False,40.603995,-73.755405,POINT(-73.755405 40.603995),40.604657,-73.754178,POINT(-73.754178 40.604657),entrance_centroid,127.1,1,40.604657,-73.754178,0.0,Station House,False,0,1,1,1,Fully accessible
D01,210,210,L0480,Norwood-205 St,Bronx,Bx,IND,Concourse,D,1,False,Subway,Underground,True,40.874811,-73.878855,POINT(-73.878855 40.874811),40.87456,-73.878485,POINT(-73.878485 40.87456),entrance_centroid,41.8,4,40.87456,-73.878485,212.2,Stair,False,0,0,0,0,Not accessible
D03,211,211,L0477,Bedford Park Blvd,Bronx,Bx,IND,Concourse,B D,2,False,Subway,Underground,True,40.873244,-73.887138,POINT(-73.887138 40.873244),40.872913,-73.887425,POINT(-73.887425 40.872913),entrance_centroid,44.0,6,40.872913,-73.887425,249.0,Elevator; Stair; Underpass,True,0,1,1,1,Fully accessible
D04,212,212,L0471,Kingsbridge Rd,Bronx,Bx,IND,Concourse,B D,2,False,Subway,Underground,True,40.866978,-73.893509,POINT(-73.893509 40.866978),40.866786,-73.893783,POINT(-73.893783 40.866786),entrance_centroid,31.4,6,40.866786,-73.893783,267.0,Elevator; Stair; Underpass,True,0,1,1,1,Fully accessible
D05,213,213,L0466,Fordham Rd,Bronx,Bx,IND,Concourse,B D,2,False,Subway,Underground,True,40.861296,-73.897749,POINT(-73.897749 40.861296),40.861735,-73.897415,POINT(-73.897415 40.861735),entrance_centroid,56.3,6,40.861735,-73.897415,202.4,Stair,False,0,0,0,0,Not accessible
D06,214,214,L0460,182-183 Sts,Bronx,Bx,IND,Concourse,B D,2,False,Subway,Underground,True,40.856093,-73.900741,POINT(-73.900741 40.856093),40.856055,-73.900798,POINT(-73.900798 40.856055),entrance_centroid,6.4,4,40.856055,-73.900798,74.8,Stair,False,0,0,0,0,Not accessible
D07,215,215,L0454,Tremont Av,Bronx,Bx,IND,Concourse,B D,2,False,Subway,Underground,True,40.85041,-73.905227,POINT(-73.905227 40.85041),40.850322,-73.905329,POINT(-73.905329 40.850322),entrance_centroid,13.0,6,40.850322,-73.905329,221.4,Elevator; Stair,True,0,1,1,1,Fully accessible
D08,216,216,L0448,174-175 Sts,Bronx,Bx,IND,Concourse,B D,2,False,Subway,Underground,True,40.8459,-73.910136,POINT(-73.910136 40.8459),40.84568,-73.91022,POINT(-73.91022 40.84568),entrance_centroid,25.5,4,40.84568,-73.91022,243.1,Stair; Underpass,False,0,0,0,0,Not accessible
D09,217,217,L0439,170 St,Bronx,Bx,IND,Concourse,B D,2,False,Subway,Underground,True,40.839306,-73.9134,POINT(-73.9134 40.839306),40.83919,-73.913592,POINT(-73.913592 40.83919),entrance_centroid,20.7,5,40.83919,-73.913592,224.2,Stair,False,0,0,0,0,Not accessible
D10,218,218,L0432,167 St,Bronx,Bx,IND,Concourse,B D,2,False,Subway,Underground,True,40.833771,-73.91844,POINT(-73.91844 40.833771),40.834025,-73.918174,POINT(-73.918174 40.834025),entrance_centroid,36.0,6,40.834025,-73.918174,281.0,Stair,False,0,0,0,0,Not accessible
D11,219,604,L0423,161 St-Yankee Stadium,Bronx,Bx,IND,Concourse,B D,2,False,Subway,Underground,True,40.827905,-73.925651,POINT(-73.925651 40.827905),40.827628,-73.92526,POINT(-73.92526 40.827628),entrance_centroid,45.1,8,40.827628,-73.92526,200.6,Elevator; Stair; Underpass,True,0,1,1,1,Fully accessible
D12,220,220,L0428,155 St,Manhattan,M,IND,Concourse,B D,2,False,Subway,Underground,True,40.830135,-73.938209,POINT(-73.938209 40.830135),40.830313,-73.936687,POINT(-73.936687 40.830313),entrance_centroid,129.6,1,40.830313,-73.936687,0.0,Easement - Street,False,0,0,0,0,Not accessible
B04,221,221,L0335,21 St-Queensbridge,Queens,Q,IND,63rd St,M,1,False,Subway,Underground,True,40.754203,-73.942836,POINT(-73.942836 40.754203),40.754191,-73.942278,POINT(-73.942278 40.754191),entrance_centroid,47.0,4,40.754191,-73.942278,58.1,Elevator; Escalator; Stair,True,0,1,1,1,Fully accessible
B06,222,222,L0350,Roosevelt Island,Manhattan,M,IND,63rd St,M,1,False,Subway,Underground,True,40.759145,-73.95326,POINT(-73.95326 40.759145),40.759018,-73.953458,POINT(-73.953458 40.759018),entrance_centroid,21.9,1,40.759018,-73.953458,0.0,Station House,False,0,1,1,1,Fully accessible
B08,223,223,L0361,Lexington Av/63 St,Manhattan,M,IND,63rd St,M Q,2,False,Subway,Underground,True,40.764629,-73.966113,POINT(-73.966113 40.764629),40.76442,-73.96553,POINT(-73.96553 40.76442),entrance_centroid,54.3,7,40.76442,-73.96553,219.6,Easement - Street; Elevator; Stair,True,0,1,1,1,Fully accessible
B10,224,224,L0360,57 St,Manhattan,M,IND,6th Av - Culver,M,1,True,Subway,Underground,True,40.763972,-73.97745,POINT(-73.97745 40.763972),40.764007,-73.977436,POINT(-73.977436 40.764007),entrance_centroid,4.1,8,40.764007,-73.977436,169.5,Stair,False,0,1,1,1,Fully accessible
D15,225,225,L0349,47-50 Sts-Rockefeller Ctr,Manhattan,M,IND,6th Av - Culver,B D F M,4,True,Subway,Underground,True,40.758663,-73.981329,POINT(-73.981329 40.758663),40.758954,-73.981162,POINT(-73.981162 40.758954),entrance_centroid,35.3,23,40.758954,-73.981162,308.6,Easement - Passage; Easement - Street; Elevator; Stair,True,0,1,1,1,Fully accessible
D16,226,609,L0336,42 St-Bryant Pk,Manhattan,M,IND,6th Av - Culver,B D F M,4,True,Subway,Underground,True,40.754222,-73.984569,POINT(-73.984569 40.754222),40.754259,-73.984608,POINT(-73.984608 40.754259),entrance_centroid,5.3,11,40.754259,-73.984608,284.7,Easement - Street; Elevator; Stair,True,0,0,0,0,Not accessible
D17,227,607,L0322,34 St-Herald Sq,Manhattan,M,IND,6th Av - Culver,B D F M,4,True,Subway,Underground,True,40.749719,-73.987823,POINT(-73.987823 40.749719),40.749913,-73.988019,POINT(-73.988019 40.749913),entrance_centroid,27.2,11,40.749913,-73.988019,281.6,Easement - Passage; Easement - Street; Elevator; Stair,True,0,1,1,1,Fully accessible
D18,228,228,L0297,23 St,Manhattan,M,IND,6th Av - Culver,F M,2,True,Subway,Underground,True,40.742878,-73.992821,POINT(-73.992821 40.742878),40.742904,-73.992802,POINT(-73.992802 40.742904),entrance_centroid,3.3,8,40.742904,-73.992802,89.8,Stair,False,0,0,0,0,Not accessible
D19,229,601,L0288,14 St,Manhattan,M,IND,6th Av - Culver,F M,2,True,Subway,Underground,True,40.738228,-73.996209,POINT(-73.996209 40.738228),40.737929,-73.996483,POINT(-73.996483 40.737929),entrance_centroid,40.5,10,40.737929,-73.996483,215.8,Elevator; Stair,True,0,1,1,1,Fully accessible
D21,230,619,L0268,Broadway-Lafayette St,Manhattan,M,IND,6th Av - Culver,B D F M,4,True,Subway,Underground,True,40.725297,-73.996204,POINT(-73.996204 40.725297),40.725235,-73.995905,POINT(-73.995905 40.725235),entrance_centroid,26.1,6,40.725235,-73.995905,107.6,Easement - Street; Elevator; Stair,True,0,1,1,1,Fully accessible
D22,231,231,L0252,Grand St,Manhattan,M,IND,6th Av - Culver,B D,2,True,Subway,Underground,True,40.718267,-73.993753,POINT(-73.993753 40.718267),40.718238,-73.993632,POINT(-73.993632 40.718238),entrance_centroid,10.7,3,40.718238,-73.993632,43.4,Stair,False,0,0,0,0,Not accessible
F14,232,232,L0265,2 Av,Manhattan,M,IND,6th Av - Culver,F,1,True,Subway,Underground,True,40.723402,-73.989938,POINT(-73.989938 40.723402),40.723413,-73.9902,POINT(-73.9902 40.723413),entrance_centroid,22.1,4,40.723413,-73.9902,268.9,Stair,False,0,0,0,0,Not accessible
F15,233,625,L0256,Delancey St-Essex St,Manhattan,M,IND,6th Av - Culver,F,1,True,Subway,Underground,True,40.718611,-73.988114,POINT(-73.988114 40.718611),40.718564,-73.988155,POINT(-73.988155 40.718564),entrance_centroid,6.3,6,40.718564,-73.988155,111.0,Easement - Street; Stair,False,0,0,0,0,Not accessible
F16,234,234,L0244,East Broadway,Manhattan,M,IND,6th Av - Culver,F,1,True,Subway,Underground,True,40.713715,-73.990173,POINT(-73.990173 40.713715),40.713813,-73.990121,POINT(-73.990121 40.713813),entrance_centroid,11.7,4,40.713813,-73.990121,189.5,Stair,False,0,0,0,0,Not accessible
F18,235,235,L0203,York St,Brooklyn,Bk,IND,6th Av - Culver,F,1,False,Subway,Underground,True,40.701397,-73.986751,POINT(-73.986751 40.701397),40.70138,-73.986655,POINT(-73.986655 40.70138),entrance_centroid,8.3,1,40.70138,-73.986655,0.0,Stair,False,0,0,0,0,Not accessible
F20,236,236,L0166,Bergen St,Brooklyn,Bk,IND,6th Av - Culver,F G,2,False,Subway,Underground,True,40.686145,-73.990862,POINT(-73.990862 40.686145),40.686332,-73.990748,POINT(-73.990748 40.686332),entrance_centroid,22.9,6,40.686332,-73.990748,185.8,Stair,False,0,0,0,0,Not accessible
F21,237,237,L0148,Carroll St,Brooklyn,Bk,IND,6th Av - Culver,F G,2,False,Subway,Underground,True,40.680303,-73.995048,POINT(-73.995048 40.680303),40.680303,-73.994819,POINT(-73.994819 40.680303),entrance_centroid,19.3,5,40.680303,-73.994819,242.9,Easement - Street; Stair,False,0,0,0,0,Not accessible
F22,238,238,L0126,Smith-9 Sts,Brooklyn,Bk,IND,6th Av - Culver,F G,2,False,Viaduct,Elevated,False,40.67358,-73.995959,POINT(-73.995959 40.67358),40.674615,-73.997288,POINT(-73.997288 40.674615),entrance_centroid,160.6,1,40.674615,-73.997288,0.0,Station House,False,0,0,0,0,Not accessible
F23,239,608,L0119,4 Av-9 St,Brooklyn,Bk,IND,6th Av - Culver,F G,2,False,Viaduct,Elevated,False,40.670272,-73.989779,POINT(-73.989779 40.670272),40.669957,-73.989195,POINT(-73.989195 40.669957),entrance_centroid,60.4,3,40.669957,-73.989195,50.2,Station House,False,0,0,0,0,Not accessible
F24,240,240,L0112,7 Av,Brooklyn,Bk,IND,6th Av - Culver,F G,2,False,Subway,Underground,True,40.666271,-73.980305,POINT(-73.980305 40.666271),40.666404,-73.980556,POINT(-73.980556 40.666404),entrance_centroid,25.8,9,40.666404,-73.980556,298.3,Elevator; Stair,True,0,1,1,1,Fully accessible
F25,241,241,L0098,15 St-Prospect Park,Brooklyn,Bk,IND,6th Av - Culver,F G,2,False,Subway,Underground,True,40.660365,-73.979493,POINT(-73.979493 40.660365),40.660651,-73.979563,POINT(-73.979563 40.660651),entrance_centroid,32.3,6,40.660651,-73.979563,233.9,Stair,False,0,0,0,0,Not accessible
F26,242,242,L0092,Fort Hamilton Pkwy,Brooklyn,Bk,IND,6th Av - Culver,F G,2,False,Subway,Underground,True,40.650782,-73.975776,POINT(-73.975776 40.650782),40.651502,-73.975852,POINT(-73.975852 40.651502),entrance_centroid,80.3,4,40.651502,-73.975852,314.0,Stair; Station House,False,0,0,0,0,Not accessible
F27,243,243,L0084,Church Av,Brooklyn,Bk,IND,6th Av - Culver,F G,2,False,Subway,Underground,True,40.644041,-73.979678,POINT(-73.979678 40.644041),40.643548,-73.979585,POINT(-73.979585 40.643548),entrance_centroid,55.4,7,40.643548,-73.979585,282.2,Elevator; Stair,True,0,1,1,1,Fully accessible
F29,244,244,L0075,Ditmas Av,Brooklyn,Bk,IND,6th Av - Culver,F,1,False,Elevated,Elevated,False,40.636119,-73.978172,POINT(-73.978172 40.636119),40.636284,-73.978238,POINT(-73.978238 40.636284),entrance_centroid,19.2,4,40.636284,-73.978238,202.3,Stair,False,0,0,0,0,Not accessible
F30,245,245,L0068,18 Av,Brooklyn,Bk,IND,6th Av - Culver,F,1,False,Elevated,Elevated,False,40.629755,-73.976971,POINT(-73.976971 40.629755),40.629619,-73.976946,POINT(-73.976946 40.629619),entrance_centroid,15.3,4,40.629619,-73.976946,216.1,Stair,False,0,0,0,0,Not accessible
F31,246,246,L0063,Avenue I,Brooklyn,Bk,IND,6th Av - Culver,F,1,False,Elevated,Elevated,False,40.625322,-73.976127,POINT(-73.976127 40.625322),40.625235,-73.976111,POINT(-73.976111 40.625235),entrance_centroid,9.8,4,40.625235,-73.976111,220.8,Stair,False,0,0,0,0,Not accessible
F32,247,247,L0058,Bay Pkwy,Brooklyn,Bk,IND,6th Av - Culver,F,1,False,Elevated,Elevated,False,40.620769,-73.975264,POINT(-73.975264 40.620769),40.620942,-73.975367,POINT(-73.975367 40.620942),entrance_centroid,21.1,3,40.620942,-73.975367,51.7,Stair,False,0,0,0,0,Not accessible
F33,248,248,L0052,Avenue N,Brooklyn,Bk,IND,6th Av - Culver,F,1,False,Elevated,Elevated,False,40.61514,-73.974197,POINT(-73.974197 40.61514),40.615232,-73.974216,POINT(-73.974216 40.615232),entrance_centroid,10.4,4,40.615232,-73.974216,217.6,Stair,False,0,0,0,0,Not accessible
F34,249,249,L0049,Avenue P,Brooklyn,Bk,IND,6th Av - Culver,F,1,False,Elevated,Elevated,False,40.608944,-73.973022,POINT(-73.973022 40.608944),40.608828,-73.973,POINT(-73.973 40.608828),entrance_centroid,13.0,2,40.608828,-73.973,50.1,Stair,False,0,0,0,0,Not accessible
F35,250,250,L0042,Kings Hwy,Brooklyn,Bk,IND,6th Av - Culver,F,1,False,Elevated,Elevated,False,40.603217,-73.972361,POINT(-73.972361 40.603217),40.603124,-73.972383,POINT(-73.972383 40.603124),entrance_centroid,10.5,4,40.603124,-73.972383,214.3,Stair,False,0,1,1,1,Fully accessible
F36,251,251,L0034,Avenue U,Brooklyn,Bk,IND,6th Av - Culver,F,1,False,Elevated,Elevated,False,40.596063,-73.973357,POINT(-73.973357 40.596063),40.59592,-73.973389,POINT(-73.973389 40.59592),entrance_centroid,16.1,4,40.59592,-73.973389,212.1,Stair,False,0,0,0,0,Not accessible
F38,252,252,L0027,Avenue X,Brooklyn,Bk,IND,6th Av - Culver,F,1,False,Elevated,Elevated,False,40.58962,-73.97425,POINT(-73.97425 40.58962),40.590399,-73.974161,POINT(-73.974161 40.590399),entrance_centroid,86.9,2,40.590399,-73.974161,34.9,Stair,False,0,0,0,0,Not accessible
F39,253,253,L0019,Neptune Av,Brooklyn,Bk,IND,6th Av - Culver,F,1,False,Elevated,Elevated,False,40.581011,-73.974574,POINT(-73.974574 40.581011),40.580916,-73.974593,POINT(-73.974593 40.580916),entrance_centroid,10.7,2,40.580916,-73.974593,14.2,Stair,False,0,0,0,0,Not accessible
F01,254,254,L0238,Jamaica-179 St,Queens,Q,IND,Queens Blvd,F,1,False,Subway,Underground,True,40.712646,-73.783817,POINT(-73.783817 40.712646),40.712684,-73.783576,POINT(-73.783576 40.712684),entrance_centroid,20.7,16,40.712684,-73.783576,269.2,Elevator; Stair,True,0,1,1,1,Fully accessible
F02,255,255,L0232,169 St,Queens,Q,IND,Queens Blvd,F,1,False,Subway,Underground,True,40.71047,-73.793604,POINT(-73.793604 40.71047),40.710366,-73.793848,POINT(-73.793848 40.710366),entrance_centroid,23.6,8,40.710366,-73.793848,223.5,Easement - Street; Stair,False,0,0,0,0,Not accessible
F03,256,256,L0224,Parsons Blvd,Queens,Q,IND,Queens Blvd,F,1,False,Subway,Underground,True,40.707564,-73.803326,POINT(-73.803326 40.707564),40.707404,-73.803642,POINT(-73.803642 40.707404),entrance_centroid,32.0,6,40.707404,-73.803642,192.0,Stair,False,0,0,0,0,Not accessible
F04,257,257,L0213,Sutphin Blvd,Queens,Q,IND,Queens Blvd,F,1,False,Subway,Underground,True,40.70546,-73.810708,POINT(-73.810708 40.70546),40.705475,-73.810502,POINT(-73.810502 40.705475),entrance_centroid,17.4,5,40.705475,-73.810502,238.0,Stair,False,0,0,0,0,Not accessible
F05,258,258,L0227,Briarwood,Queens,Q,IND,Queens Blvd,E F,2,False,Subway,Underground,True,40.709179,-73.820574,POINT(-73.820574 40.709179),40.709105,-73.819868,POINT(-73.819868 40.709105),entrance_centroid,60.1,4,40.709105,-73.819868,193.0,Elevator; Stair,True,0,0,0,0,Not accessible
F06,259,259,L0247,Kew Gardens-Union Tpke,Queens,Q,IND,Queens Blvd,E F,2,False,Subway,Underground,True,40.714441,-73.831008,POINT(-73.831008 40.714441),40.714347,-73.831063,POINT(-73.831063 40.714347),entrance_centroid,11.4,7,40.714347,-73.831063,241.1,Elevator; Stair,True,0,1,1,1,Fully accessible
F07,260,260,L0254,75 Av,Queens,Q,IND,Queens Blvd,E F,2,False,Subway,Underground,True,40.718331,-73.837324,POINT(-73.837324 40.718331),40.718514,-73.837612,POINT(-73.837612 40.718514),entrance_centroid,31.7,3,40.718514,-73.837612,196.7,Stair,False,0,0,0,0,Not accessible
G08,261,261,L0262,Forest Hills-71 Av,Queens,Q,IND,Queens Blvd,E F M R,4,False,Subway,Underground,True,40.721691,-73.844521,POINT(-73.844521 40.721691),40.721629,-73.844396,POINT(-73.844396 40.721629),entrance_centroid,12.6,6,40.721629,-73.844396,197.1,Elevator; Stair,True,0,1,1,1,Fully accessible
G09,262,262,L0271,67 Av,Queens,Q,IND,Queens Blvd,M R,2,False,Subway,Underground,True,40.726523,-73.852719,POINT(-73.852719 40.726523),40.726539,-73.85264,POINT(-73.85264 40.726539),entrance_centroid,6.9,4,40.726539,-73.85264,200.1,Stair,False,0,0,0,0,Not accessible
G10,263,263,L0273,63 Dr-Rego Park,Queens,Q,IND,Queens Blvd,M R,2,False,Subway,Underground,True,40.729846,-73.861604,POINT(-73.861604 40.729846),40.729855,-73.861593,POINT(-73.861593 40.729855),entrance_centroid,1.4,6,40.729855,-73.861593,231.6,Easement - Street; Stair,False,0,0,0,0,Not accessible
G11,264,264,L0280,Woodhaven Blvd,Queens,Q,IND,Queens Blvd,M R,2,False,Subway,Underground,True,40.733106,-73.869229,POINT(-73.869229 40.733106),40.733304,-73.869893,POINT(-73.869893 40.733304),entrance_centroid,60.1,4,40.733304,-73.869893,210.5,Stair,False,0,0,0,0,Not accessible
G12,265,265,L0285,Grand Av-Newtown,Queens,Q,IND,Queens Blvd,M R,2,False,Subway,Underground,True,40.737015,-73.877223,POINT(-73.877223 40.737015),40.736625,-73.877018,POINT(-73.877018 40.736625),entrance_centroid,46.7,5,40.736625,-73.877018,198.2,Stair,False,0,0,0,0,Not accessible
G13,266,266,L0295,Elmhurst Av,Queens,Q,IND,Queens Blvd,M R,2,False,Subway,Underground,True,40.742454,-73.882017,POINT(-73.882017 40.742454),40.742283,-73.881897,POINT(-73.881897 40.742283),entrance_centroid,21.5,5,40.742283,-73.881897,214.8,Easement - Street; Stair,False,0,0,0,0,Not accessible
G14,267,616,L0311,Jackson Hts-Roosevelt Av,Queens,Q,IND,Queens Blvd,E F M R,4,False,Subway,Underground,True,40.746644,-73.891338,POINT(-73.891338 40.746644),40.746669,-73.891163,POINT(-73.891163 40.746669),entrance_centroid,15.0,8,40.746669,-73.891163,245.3,Easement - Street; Stair; Station House,False,0,1,1,1,Fully accessible
G15,268,268,L0321,65 St,Queens,Q,IND,Queens Blvd,M R,2,False,Subway,Underground,True,40.749669,-73.898453,POINT(-73.898453 40.749669),40.749247,-73.897439,POINT(-73.897439 40.749247),entrance_centroid,97.5,2,40.749247,-73.897439,22.8,Stair,False,0,0,0,0,Not accessible
G16,269,269,L0333,Northern Blvd,Queens,Q,IND,Queens Blvd,M R,2,False,Subway,Underground,True,40.752885,-73.906006,POINT(-73.906006 40.752885),40.753268,-73.907009,POINT(-73.907009 40.753268),entrance_centroid,94.6,2,40.753268,-73.907009,42.3,Stair,False,0,1,1,1,Fully accessible
G18,270,270,L0343,46 St,Queens,Q,IND,Queens Blvd,M R,2,False,Subway,Underground,True,40.756312,-73.913333,POINT(-73.913333 40.756312),40.756337,-73.913385,POINT(-73.913385 40.756337),entrance_centroid,5.2,4,40.756337,-73.913385,223.2,Stair,False,0,0,0,0,Not accessible
G19,271,271,L0345,Steinway St,Queens,Q,IND,Queens Blvd,M R,2,False,Subway,Underground,True,40.756879,-73.92074,POINT(-73.92074 40.756879),40.757429,-73.920241,POINT(-73.920241 40.757429),entrance_centroid,74.2,4,40.757429,-73.920241,239.4,Stair,False,0,0,0,0,Not accessible
G20,272,272,L0329,36 St,Queens,Q,IND,Queens Blvd,M R,2,False,Subway,Underground,True,40.752039,-73.928781,POINT(-73.928781 40.752039),40.7521,-73.928656,POINT(-73.928656 40.7521),entrance_centroid,12.5,5,40.7521,-73.928656,288.8,Stair,False,0,0,0,0,Not accessible
G21,273,273,L0318,Queens Plaza,Queens,Q,IND,Queens Blvd,E F R,3,False,Subway,Underground,True,40.748973,-73.937243,POINT(-73.937243 40.748973),40.74902,-73.937401,POINT(-73.937401 40.74902),entrance_centroid,14.3,8,40.74902,-73.937401,256.9,Elevator; Stair,True,0,1,1,1,Fully accessible
F09,274,606,L0316,Court Sq-23 St,Queens,Q,IND,Queens Blvd,E F,2,False,Subway,Underground,True,40.747846,-73.946,POINT(-73.946 40.747846),40.747817,-73.94584,POINT(-73.94584 40.747817),entrance_centroid,13.9,4,40.747817,-73.94584,266.7,Easement - Street; Stair,False,0,2,0,1,Partially accessible
F11,275,612,L0348,Lexington Av/53 St,Manhattan,M,IND,Queens Blvd,E F,2,True,Subway,Underground,True,40.757552,-73.969055,POINT(-73.969055 40.757552),40.757779,-73.969976,POINT(-73.969976 40.757779),entrance_centroid,81.6,10,40.757779,-73.969976,205.2,Easement - Passage; Easement - Street; Stair,False,0,1,1,1,Fully accessible
F12,276,276,L0353,5 Av/53 St,Manhattan,M,IND,Queens Blvd,E F,2,True,Subway,Underground,True,40.760167,-73.975224,POINT(-73.975224 40.760167),40.760074,-73.975026,POINT(-73.975026 40.760074),entrance_centroid,19.6,5,40.760074,-73.975026,261.0,Easement - Street; Stair,False,0,0,0,0,Not accessible
D14,277,277,L0359,7 Av,Manhattan,M,IND,Queens Blvd,E B D,3,True,Subway,Underground,True,40.762862,-73.981637,POINT(-73.981637 40.762862),40.763077,-73.982147,POINT(-73.982147 40.763077),entrance_centroid,49.2,4,40.763077,-73.982147,105.8,Stair,False,0,0,0,0,Not accessible
G05,278,278,L0205,Jamaica Center-Parsons/Archer,Queens,Q,IND,Queens - Archer,E J Z,3,False,Subway,Underground,True,40.702147,-73.801109,POINT(-73.801109 40.702147),40.70228,-73.800791,POINT(-73.800791 40.70228),entrance_centroid,30.6,7,40.70228,-73.800791,261.7,Elevator; Escalator; Stair; Stair/Escalator,True,0,1,1,1,Fully accessible
G06,279,279,L0201,Sutphin Blvd-Archer Av-JFK Airport,Queens,Q,IND,Queens - Archer,E J Z,3,False,Subway,Underground,True,40.700486,-73.807969,POINT(-73.807969 40.700486),40.700499,-73.807756,POINT(-73.807756 40.700499),entrance_centroid,18.0,6,40.700499,-73.807756,96.0,Elevator; Escalator; Stair,True,0,1,1,1,Fully accessible
G07,280,280,L0206,Jamaica-Van Wyck,Queens,Q,IND,Queens - Archer,E,1,False,Subway,Underground,True,40.702566,-73.816859,POINT(-73.816859 40.702566),40.701774,-73.816756,POINT(-73.816756 40.701774),entrance_centroid,88.5,3,40.701774,-73.816756,182.5,Station House,False,0,1,1,1,Fully accessible
G22,281,606,L0310,Court Sq,Queens,Q,IND,Crosstown,G,1,False,Subway,Underground,True,40.746554,-73.943832,POINT(-73.943832 40.746554),40.746464,-73.944129,POINT(-73.944129 40.746464),entrance_centroid,26.9,3,40.746464,-73.944129,133.7,Easement - Street; Stair,False,0,1,1,1,Fully accessible
G24,282,282,L0301,21 St,Queens,Q,IND,Crosstown,G,1,False,Subway,Underground,True,40.744065,-73.949724,POINT(-73.949724 40.744065),40.744663,-73.948727,POINT(-73.948727 40.744663),entrance_centroid,107.1,3,40.744663,-73.948727,63.3,Stair,False,0,0,0,0,Not accessible
G26,283,283,L0277,Greenpoint Av,Brooklyn,Bk,IND,Crosstown,G,1,False,Subway,Underground,True,40.731352,-73.954449,POINT(-73.954449 40.731352),40.731012,-73.954426,POINT(-73.954426 40.731012),entrance_centroid,37.9,5,40.731012,-73.954426,248.4,Stair,False,0,1,1,1,Fully accessible
G28,284,284,L0267,Nassau Av,Brooklyn,Bk,IND,Crosstown,G,1,False,Subway,Underground,True,40.724635,-73.951277,POINT(-73.951277 40.724635),40.724364,-73.951127,POINT(-73.951127 40.724364),entrance_centroid,32.7,6,40.724364,-73.951127,241.7,Stair,False,0,0,0,0,Not accessible
G29,285,629,L0239,Metropolitan Av,Brooklyn,Bk,IND,Crosstown,G,1,False,Subway,Underground,True,40.712792,-73.951418,POINT(-73.951418 40.712792),40.713298,-73.951462,POINT(-73.951462 40.713298),entrance_centroid,56.4,7,40.713298,-73.951462,276.0,Elevator; Stair,True,0,1,1,1,Fully accessible
G30,286,286,L0214,Broadway,Brooklyn,Bk,IND,Crosstown,G,1,False,Subway,Underground,True,40.706092,-73.950308,POINT(-73.950308 40.706092),40.705336,-73.950255,POINT(-73.950255 40.705336),entrance_centroid,84.2,4,40.705336,-73.950255,59.3,Stair,False,0,0,0,0,Not accessible
G31,287,287,L0200,Flushing Av,Brooklyn,Bk,IND,Crosstown,G,1,False,Subway,Underground,True,40.700377,-73.950234,POINT(-73.950234 40.700377),40.699785,-73.950049,POINT(-73.950049 40.699785),entrance_centroid,67.6,2,40.699785,-73.950049,49.2,Stair,False,0,0,0,0,Not accessible
G32,288,288,L0188,Myrtle-Willoughby Avs,Brooklyn,Bk,IND,Crosstown,G,1,False,Subway,Underground,True,40.694568,-73.949046,POINT(-73.949046 40.694568),40.695487,-73.949216,POINT(-73.949216 40.695487),entrance_centroid,103.2,2,40.695487,-73.949216,43.0,Stair,False,0,0,0,0,Not accessible
G33,289,289,L0174,Bedford-Nostrand Avs,Brooklyn,Bk,IND,Crosstown,G,1,False,Subway,Underground,True,40.689627,-73.953522,POINT(-73.953522 40.689627),40.68967,-73.953296,POINT(-73.953296 40.68967),entrance_centroid,19.6,4,40.68967,-73.953296,294.0,Stair,False,0,0,0,0,Not accessible
G34,290,290,L0173,Classon Av,Brooklyn,Bk,IND,Crosstown,G,1,False,Subway,Underground,True,40.688873,-73.96007,POINT(-73.96007 40.688873),40.688839,-73.960096,POINT(-73.960096 40.688839),entrance_centroid,4.4,3,40.688839,-73.960096,35.8,Stair,False,0,0,0,0,Not accessible
G35,291,291,L0169,Clinton-Washington Avs,Brooklyn,Bk,IND,Crosstown,G,1,False,Subway,Underground,True,40.688089,-73.966839,POINT(-73.966839 40.688089),40.688153,-73.966694,POINT(-73.966694 40.688153),entrance_centroid,14.1,4,40.688153,-73.966694,208.7,Stair,False,0,0,0,0,Not accessible
G36,292,292,L0168,Fulton St,Brooklyn,Bk,IND,Crosstown,G,1,False,Subway,Underground,True,40.687119,-73.975375,POINT(-73.975375 40.687119),40.687195,-73.975655,POINT(-73.975655 40.687195),entrance_centroid,25.1,4,40.687195,-73.975655,186.0,Stair,False,0,0,0,0,Not accessible
101,293,293,L0490,Van Cortlandt Park-242 St,Bronx,Bx,IRT,Broadway - 7Av,1,1,False,Elevated,Elevated,False,40.889248,-73.898583,POINT(-73.898583 40.889248),40.889887,-73.898103,POINT(-73.898103 40.889887),entrance_centroid,81.7,4,40.889887,-73.898103,73.3,Stair,False,0,0,0,0,Not accessible
103,294,294,L0486,238 St,Bronx,Bx,IRT,Broadway - 7Av,1,1,False,Elevated,Elevated,False,40.884667,-73.90087,POINT(-73.90087 40.884667),40.884989,-73.900678,POINT(-73.900678 40.884989),entrance_centroid,39.3,3,40.884989,-73.900678,62.3,Stair,False,0,0,0,0,Not accessible
104,295,295,L0483,231 St,Bronx,Bx,IRT,Broadway - 7Av,1,1,False,Elevated,Elevated,False,40.878856,-73.904834,POINT(-73.904834 40.878856),40.878913,-73.904806,POINT(-73.904806 40.878913),entrance_centroid,6.8,6,40.878913,-73.904806,69.0,Elevator; Stair,True,0,1,1,1,Fully accessible
106,296,296,L0479,Marble Hill-225 St,Manhattan,M,IRT,Broadway - 7Av,1,1,False,Elevated,Elevated,False,40.874561,-73.909831,POINT(-73.909831 40.874561),40.874393,-73.910183,POINT(-73.910183 40.874393),entrance_centroid,35.0,2,40.874393,-73.910183,65.9,Stair,False,0,0,0,0,Not accessible
107,297,297,L0474,215 St,Manhattan,M,IRT,Broadway - 7Av,1,1,False,Elevated,Elevated,False,40.869444,-73.915279,POINT(-73.915279 40.869444),40.869566,-73.915205,POINT(-73.915205 40.869566),entrance_centroid,14.9,4,40.869566,-73.915205,66.9,Stair,False,0,0,0,0,Not accessible
108,298,298,L0468,207 St,Manhattan,M,IRT,Broadway - 7Av,1,1,False,Elevated,Elevated,False,40.864621,-73.918822,POINT(-73.918822 40.864621),40.864477,-73.918935,POINT(-73.918935 40.864477),entrance_centroid,18.6,4,40.864477,-73.918935,71.0,Stair,False,0,0,0,0,Not accessible
109,299,299,L0465,Dyckman St,Manhattan,M,IRT,Broadway - 7Av,1,1,False,Elevated,Elevated,False,40.860531,-73.925536,POINT(-73.925536 40.860531),40.861139,-73.925132,POINT(-73.925132 40.861139),entrance_centroid,75.7,1,40.861139,-73.925132,0.0,Station House,False,0,1,1,1,Fully accessible
110,300,300,L0459,191 St,Manhattan,M,IRT,Broadway - 7Av,1,1,False,Subway,Underground,True,40.855225,-73.929412,POINT(-73.929412 40.855225),40.855894,-73.93107,POINT(-73.93107 40.855894),entrance_centroid,158.0,2,40.855894,-73.93107,282.8,Station House,False,0,0,0,0,Not accessible
111,301,301,L0453,181 St,Manhattan,M,IRT,Broadway - 7Av,1,1,False,Subway,Underground,True,40.849505,-73.933596,POINT(-73.933596 40.849505),40.849339,-73.933551,POINT(-73.933551 40.849339),entrance_centroid,18.8,2,40.849339,-73.933551,61.9,Easement - Street; Stair,False,0,0,0,0,Not accessible
112,302,605,L0443,168 St-Washington Hts,Manhattan,M,IRT,Broadway - 7Av,1,1,False,Subway,Underground,True,40.840556,-73.940133,POINT(-73.940133 40.840556),40.840876,-73.940011,POINT(-73.940011 40.840876),entrance_centroid,37.0,3,40.840876,-73.940011,53.3,Stair,False,0,0,0,0,Not accessible
113,303,303,L0433,157 St,Manhattan,M,IRT,Broadway - 7Av,1,1,False,Subway,Underground,True,40.834041,-73.94489,POINT(-73.94489 40.834041),40.834062,-73.944903,POINT(-73.944903 40.834062),entrance_centroid,2.6,4,40.834062,-73.944903,69.5,Stair,False,0,0,0,0,Not accessible
114,304,304,L0422,145 St,Manhattan,M,IRT,Broadway - 7Av,1,1,False,Subway,Underground,True,40.826551,-73.95036,POINT(-73.95036 40.826551),40.826471,-73.950358,POINT(-73.950358 40.826471),entrance_centroid,8.9,3,40.826471,-73.950358,59.6,Stair,False,0,0,0,0,Not accessible
115,305,305,L0416,137 St-City College,Manhattan,M,IRT,Broadway - 7Av,1,1,False,Subway,Underground,True,40.822008,-73.953676,POINT(-73.953676 40.822008),40.821455,-73.954105,POINT(-73.954105 40.821455),entrance_centroid,71.3,4,40.821455,-73.954105,53.3,Stair,False,0,2,1,0,Partially accessible
116,306,306,L0406,125 St,Manhattan,M,IRT,Broadway - 7Av,1,1,False,Elevated,Elevated,False,40.815581,-73.958372,POINT(-73.958372 40.815581),40.815374,-73.958542,POINT(-73.958542 40.815374),entrance_centroid,27.1,4,40.815374,-73.958542,74.8,Escalator; Stair,False,0,0,0,0,Not accessible
117,307,307,L0398,116 St-Columbia University,Manhattan,M,IRT,Broadway - 7Av,1,1,False,Subway,Underground,True,40.807722,-73.96411,POINT(-73.96411 40.807722),40.808122,-73.963787,POINT(-73.963787 40.808122),entrance_centroid,52.1,5,40.808122,-73.963787,104.5,Stair,False,0,0,0,0,Not accessible
118,308,308,L0393,Cathedral Pkwy (110 St),Manhattan,M,IRT,Broadway - 7Av,1,1,False,Subway,Underground,True,40.803967,-73.966847,POINT(-73.966847 40.803967),40.804214,-73.966608,POINT(-73.966608 40.804214),entrance_centroid,34.0,3,40.804214,-73.966608,57.9,Stair,False,0,0,0,0,Not accessible
119,309,309,L0390,103 St,Manhattan,M,IRT,Broadway - 7Av,1,1,False,Subway,Underground,True,40.799446,-73.968379,POINT(-73.968379 40.799446),40.79934,-73.968398,POINT(-73.968398 40.79934),entrance_centroid,11.9,5,40.79934,-73.968398,71.5,Stair,False,0,0,0,0,Not accessible
120,310,310,L0385,96 St,Manhattan,M,IRT,Broadway - 7Av,1 2 3,3,False,Subway,Underground,True,40.793919,-73.972323,POINT(-73.972323 40.793919),40.793451,-73.972683,POINT(-73.972683 40.793451),entrance_centroid,60.2,6,40.793451,-73.972683,181.5,Stair; Station House,False,0,1,1,1,Fully accessible
121,311,311,L0382,86 St,Manhattan,M,IRT,Broadway - 7Av,1,1,False,Subway,Underground,True,40.788644,-73.976218,POINT(-73.976218 40.788644),40.78847,-73.976469,POINT(-73.976469 40.78847),entrance_centroid,28.7,5,40.78847,-73.976469,122.7,Easement - Street; Stair,False,0,0,0,0,Not accessible
122,312,312,L0378,79 St,Manhattan,M,IRT,Broadway - 7Av,1,1,False,Subway,Underground,True,40.783934,-73.979917,POINT(-73.979917 40.783934),40.783869,-73.979983,POINT(-73.979983 40.783869),entrance_centroid,9.1,4,40.783869,-73.979983,73.8,Stair,False,0,0,0,0,Not accessible
123,313,313,L0375,72 St,Manhattan,M,IRT,Broadway - 7Av,1 2 3,3,False,Subway,Underground,True,40.778453,-73.98197,POINT(-73.98197 40.778453),40.778773,-73.981901,POINT(-73.981901 40.778773),entrance_centroid,36.1,4,40.778773,-73.981901,78.7,Station House,False,0,1,1,1,Fully accessible
124,314,314,L0370,66 St-Lincoln Center,Manhattan,M,IRT,Broadway - 7Av,1,1,False,Subway,Underground,True,40.77344,-73.982209,POINT(-73.982209 40.77344),40.773419,-73.982302,POINT(-73.982302 40.773419),entrance_centroid,8.2,8,40.773419,-73.982302,141.8,Easement - Passage; Elevator; Stair,True,0,1,1,1,Fully accessible
125,315,614,L0366,59 St-Columbus Circle,Manhattan,M,IRT,Broadway - 7Av,1,1,True,Subway,Underground,True,40.768247,-73.981929,POINT(-73.981929 40.768247),40.768557,-73.981919,POINT(-73.981919 40.768557),entrance_centroid,34.5,6,40.768557,-73.981919,209.4,Stair,False,0,1,1,1,Fully accessible
126,316,316,L0354,50 St,Manhattan,M,IRT,Broadway - 7Av,1,1,True,Subway,Underground,True,40.761728,-73.983849,POINT(-73.983849 40.761728),40.761391,-73.983955,POINT(-73.983955 40.761391),entrance_centroid,38.5,6,40.761391,-73.983955,84.0,Easement - Street; Stair,False,0,0,0,0,Not accessible
127,317,611,L0339,Times Sq-42 St,Manhattan,M,IRT,Broadway - 7Av,1 2 3,3,True,Subway,Underground,True,40.75529,-73.987495,POINT(-73.987495 40.75529),40.755547,-73.987285,POINT(-73.987285 40.755547),entrance_centroid,33.6,11,40.755547,-73.987285,249.8,Easement - Street; Stair,False,0,1,1,1,Fully accessible
128,318,318,L0324,34 St-Penn Station,Manhattan,M,IRT,Broadway - 7Av,1 2 3,3,True,Subway,Underground,True,40.750373,-73.991057,POINT(-73.991057 40.750373),40.750527,-73.99098,POINT(-73.99098 40.750527),entrance_centroid,18.3,11,40.750527,-73.99098,215.8,Easement - Passage; Easement - Street; Stair,False,0,1,1,1,Fully accessible
129,319,319,L0314,28 St,Manhattan,M,IRT,Broadway - 7Av,1,1,True,Subway,Underground,True,40.747215,-73.993365,POINT(-73.993365 40.747215),40.747063,-73.993497,POINT(-73.993497 40.747063),entrance_centroid,20.2,6,40.747063,-73.993497,110.0,Stair,False,0,0,0,0,Not accessible
130,320,320,L0302,23 St,Manhattan,M,IRT,Broadway - 7Av,1,1,True,Subway,Underground,True,40.744081,-73.995657,POINT(-73.995657 40.744081),40.74408,-73.995676,POINT(-73.995676 40.74408),entrance_centroid,1.6,4,40.74408,-73.995676,70.7,Stair,False,0,0,0,0,Not accessible
131,321,321,L0292,18 St,Manhattan,M,IRT,Broadway - 7Av,1,1,True,Subway,Underground,True,40.74104,-73.997871,POINT(-73.997871 40.74104),40.741275,-73.9977,POINT(-73.9977 40.741275),entrance_centroid,29.8,6,40.741275,-73.9977,125.0,Stair,False,0,0,0,0,Not accessible
132,322,601,L0287,14 St,Manhattan,M,IRT,Broadway - 7Av,1 2 3,3,True,Subway,Underground,True,40.737826,-74.000201,POINT(-74.000201 40.737826),40.738091,-74.000036,POINT(-74.000036 40.738091),entrance_centroid,32.6,8,40.738091,-74.000036,216.3,Stair,False,0,1,1,1,Fully accessible
133,323,323,L0281,Christopher St-Stonewall,Manhattan,M,IRT,Broadway - 7Av,1,1,True,Subway,Underground,True,40.733422,-74.002906,POINT(-74.002906 40.733422),40.733533,-74.003036,POINT(-74.003036 40.733533),entrance_centroid,16.5,5,40.733533,-74.003036,43.9,Stair,False,0,0,0,0,Not accessible
134,324,324,L0272,Houston St,Manhattan,M,IRT,Broadway - 7Av,1,1,True,Subway,Underground,True,40.728251,-74.005367,POINT(-74.005367 40.728251),40.728241,-74.005386,POINT(-74.005386 40.728241),entrance_centroid,1.9,8,40.728241,-74.005386,122.4,Stair,False,0,0,0,0,Not accessible
135,325,325,L0264,Canal St,Manhattan,M,IRT,Broadway - 7Av,1,1,True,Subway,Underground,True,40.722854,-74.006277,POINT(-74.006277 40.722854),40.722731,-74.006307,POINT(-74.006307 40.722731),entrance_centroid,13.9,4,40.722731,-74.006307,76.1,Stair,False,0,0,0,0,Not accessible
136,326,326,L0258,Franklin St,Manhattan,M,IRT,Broadway - 7Av,1,1,True,Subway,Underground,True,40.719318,-74.006886,POINT(-74.006886 40.719318),40.719429,-74.006888,POINT(-74.006888 40.719429),entrance_centroid,12.3,5,40.719429,-74.006888,122.8,Stair,False,0,0,0,0,Not accessible
137,327,327,L0249,Chambers St,Manhattan,M,IRT,Broadway - 7Av,1 2 3,3,True,Subway,Underground,True,40.715478,-74.009266,POINT(-74.009266 40.715478),40.715582,-74.009314,POINT(-74.009314 40.715582),entrance_centroid,12.3,6,40.715582,-74.009314,60.1,Elevator; Stair,True,0,1,1,1,Fully accessible
138,328,328,L0235,WTC Cortlandt,Manhattan,M,IRT,Broadway - 7Av,1,1,True,Subway,Underground,True,40.711835,-74.012188,POINT(-74.012188 40.711835),40.71183,-74.012155,POINT(-74.012155 40.71183),entrance_centroid,2.8,9,40.71183,-74.012155,220.4,Easement - Passage; Elevator; Stair,True,0,1,1,1,Fully accessible
139,329,329,L0222,Rector St,Manhattan,M,IRT,Broadway - 7Av,1,1,True,Subway,Underground,True,40.707513,-74.013783,POINT(-74.013783 40.707513),40.707248,-74.013911,POINT(-74.013911 40.707248),entrance_centroid,31.4,6,40.707248,-74.013911,204.8,Stair,False,0,0,0,0,Not accessible
142,330,635,L0204,South Ferry,Manhattan,M,IRT,Broadway - 7Av,1,1,True,Subway,Underground,True,40.702068,-74.013664,POINT(-74.013664 40.702068),40.7022,-74.013604,POINT(-74.013604 40.7022),entrance_centroid,15.5,3,40.7022,-74.013604,166.3,Elevator; Escalator; Stair,True,0,1,1,1,Fully accessible
228,331,624,L0240,Park Place,Manhattan,M,IRT,Clark St,2 3,2,True,Subway,Underground,True,40.713051,-74.008811,POINT(-74.008811 40.713051),40.712707,-74.00775,POINT(-74.00775 40.712707),entrance_centroid,97.3,1,40.712707,-74.00775,0.0,Stair,False,0,0,0,0,Not accessible
229,332,628,L0228,Fulton St,Manhattan,M,IRT,Clark St,2 3,2,True,Subway,Underground,True,40.709416,-74.006571,POINT(-74.006571 40.709416),40.709323,-74.006576,POINT(-74.006576 40.709323),entrance_centroid,10.3,9,40.709323,-74.006576,147.2,Easement - Passage; Easement - Street; Stair,False,0,1,1,1,Fully accessible
230,333,333,L0219,Wall St,Manhattan,M,IRT,Clark St,2 3,2,True,Subway,Underground,True,40.706821,-74.0091,POINT(-74.0091 40.706821),40.706789,-74.009231,POINT(-74.009231 40.706789),entrance_centroid,11.6,8,40.706789,-74.009231,221.2,Easement - Passage; Easement - Street; Stair,False,0,0,0,0,Not accessible
231,334,334,L0193,Clark St,Brooklyn,Bk,IRT,Clark St,2 3,2,False,Subway,Underground,True,40.697466,-73.993086,POINT(-73.993086 40.697466),40.697654,-73.993214,POINT(-73.993214 40.697654),entrance_centroid,23.5,2,40.697654,-73.993214,30.8,Easement - Street,False,0,0,0,0,Not accessible
232,335,620,L0184,Borough Hall,Brooklyn,Bk,IRT,Clark St,2 3,2,False,Subway,Underground,True,40.693219,-73.989998,POINT(-73.989998 40.693219),40.693688,-73.990409,POINT(-73.990409 40.693688),entrance_centroid,62.6,4,40.693688,-73.990409,52.1,Elevator; Stair,True,0,1,1,1,Fully accessible
233,336,336,L0177,Hoyt St,Brooklyn,Bk,IRT,Eastern Pky,2 3,2,False,Subway,Underground,True,40.690545,-73.985065,POINT(-73.985065 40.690545),40.690553,-73.985038,POINT(-73.985038 40.690553),entrance_centroid,2.4,6,40.690553,-73.985038,157.3,Easement - Street; Stair,False,0,2,0,1,Partially accessible
234,337,337,L0170,Nevins St,Brooklyn,Bk,IRT,Eastern Pky,2 3 4 5,4,False,Subway,Underground,True,40.688246,-73.980492,POINT(-73.980492 40.688246),40.688161,-73.980437,POINT(-73.980437 40.688161),entrance_centroid,10.5,4,40.688161,-73.980437,38.2,Stair,False,0,0,0,0,Not accessible
235,338,617,L0162,Atlantic Av-Barclays Ctr,Brooklyn,Bk,IRT,Eastern Pky,2 3 4 5,4,False,Subway,Underground,True,40.684359,-73.977666,POINT(-73.977666 40.684359),40.684914,-73.97753,POINT(-73.97753 40.684914),entrance_centroid,62.8,4,40.684914,-73.97753,43.6,Easement - Passage; Easement - Street,False,0,1,1,1,Fully accessible
236,339,339,L0152,Bergen St,Brooklyn,Bk,IRT,Eastern Pky,2 3,2,False,Subway,Underground,True,40.680829,-73.975098,POINT(-73.975098 40.680829),40.680848,-73.975252,POINT(-73.975252 40.680848),entrance_centroid,13.2,5,40.680848,-73.975252,74.7,Stair,False,0,0,0,0,Not accessible
237,340,340,L0130,Grand Army Plaza,Brooklyn,Bk,IRT,Eastern Pky,2 3,2,False,Subway,Underground,True,40.675235,-73.971046,POINT(-73.971046 40.675235),40.675133,-73.970964,POINT(-73.970964 40.675133),entrance_centroid,13.3,4,40.675133,-73.970964,50.7,Stair,False,0,0,0,0,Not accessible
238,341,341,L0123,Eastern Pkwy-Brooklyn Museum,Brooklyn,Bk,IRT,Eastern Pky,2 3,2,False,Subway,Underground,True,40.671987,-73.964375,POINT(-73.964375 40.671987),40.671931,-73.964265,POINT(-73.964265 40.671931),entrance_centroid,11.2,3,40.671931,-73.964265,44.4,Elevator; Stair,True,0,1,1,1,Fully accessible
239,342,626,L0121,Franklin Av-Medgar Evers College,Brooklyn,Bk,IRT,Eastern Pky,2 3 4 5,4,False,Subway,Underground,True,40.670682,-73.958131,POINT(-73.958131 40.670682),40.670625,-73.957778,POINT(-73.957778 40.670625),entrance_centroid,30.4,4,40.670625,-73.957778,71.1,Stair,False,0,0,0,0,Not accessible
248,343,343,L0118,Nostrand Av,Brooklyn,Bk,IRT,Eastern Pky,3,1,False,Subway,Underground,True,40.669847,-73.950466,POINT(-73.950466 40.669847),40.669736,-73.950522,POINT(-73.950522 40.669736),entrance_centroid,13.2,2,40.669736,-73.950522,46.6,Stair,False,0,0,0,0,Not accessible
249,344,344,L0117,Kingston Av,Brooklyn,Bk,IRT,Eastern Pky,3,1,False,Subway,Underground,True,40.669399,-73.942161,POINT(-73.942161 40.669399),40.669275,-73.942206,POINT(-73.942206 40.669275),entrance_centroid,14.3,2,40.669275,-73.942206,43.5,Stair,False,0,0,0,0,Not accessible
250,345,345,L0115,Crown Hts-Utica Av,Brooklyn,Bk,IRT,Eastern Pky,3 4,2,False,Subway,Underground,True,40.668897,-73.932942,POINT(-73.932942 40.668897),40.6689,-73.932485,POINT(-73.932485 40.6689),entrance_centroid,38.5,7,40.6689,-73.932485,220.3,Elevator; Stair,True,0,1,1,1,Fully accessible
251,346,346,L0108,Sutter Av-Rutland Rd,Brooklyn,Bk,IRT,Eastern Pky,3,1,False,Elevated,Elevated,False,40.664717,-73.92261,POINT(-73.92261 40.664717),40.664996,-73.922941,POINT(-73.922941 40.664996),entrance_centroid,41.7,3,40.664996,-73.922941,37.9,Stair,False,0,0,0,0,Not accessible
252,347,347,L0101,Saratoga Av,Brooklyn,Bk,IRT,Eastern Pky,3,1,False,Elevated,Elevated,False,40.661453,-73.916327,POINT(-73.916327 40.661453),40.661554,-73.915367,POINT(-73.915367 40.661554),entrance_centroid,81.8,3,40.661554,-73.915367,40.3,Stair,False,0,0,0,0,Not accessible
253,348,348,L0103,Rockaway Av,Brooklyn,Bk,IRT,Eastern Pky,3,1,False,Elevated,Elevated,False,40.662549,-73.908946,POINT(-73.908946 40.662549),40.662561,-73.908929,POINT(-73.908929 40.662561),entrance_centroid,2.0,2,40.662561,-73.908929,40.9,Stair,False,0,0,0,0,Not accessible
254,349,349,L0105,Junius St,Brooklyn,Bk,IRT,Eastern Pky,3,1,False,Elevated,Elevated,False,40.663515,-73.902447,POINT(-73.902447 40.663515),40.663387,-73.902926,POINT(-73.902926 40.663387),entrance_centroid,42.8,2,40.663387,-73.902926,33.0,Stair,False,0,0,0,0,Not accessible
255,350,350,L0107,Pennsylvania Av,Brooklyn,Bk,IRT,Eastern Pky,3,1,False,Elevated,Elevated,False,40.664635,-73.894895,POINT(-73.894895 40.664635),40.664724,-73.893983,POINT(-73.893983 40.664724),entrance_centroid,77.6,2,40.664724,-73.893983,37.0,Stair,False,0,0,0,0,Not accessible
256,351,351,L0110,Van Siclen Av,Brooklyn,Bk,IRT,Eastern Pky,3,1,False,Elevated,Elevated,False,40.665449,-73.889395,POINT(-73.889395 40.665449),40.665597,-73.888498,POINT(-73.888498 40.665597),entrance_centroid,77.4,2,40.665597,-73.888498,41.4,Stair,False,0,0,0,0,Not accessible
257,352,352,L0111,New Lots Av,Brooklyn,Bk,IRT,Eastern Pky,3,1,False,Elevated,Elevated,False,40.666235,-73.884079,POINT(-73.884079 40.666235),40.666374,-73.883285,POINT(-73.883285 40.666374),entrance_centroid,68.7,2,40.666374,-73.883285,14.5,Stair,False,0,0,0,0,Not accessible
241,353,353,L0113,President St-Medgar Evers College,Brooklyn,Bk,IRT,Nostrand,2 5,2,False,Subway,Underground,True,40.667883,-73.950683,POINT(-73.950683 40.667883),40.66817,-73.950661,POINT(-73.950661 40.66817),entrance_centroid,32.0,2,40.66817,-73.950661,34.7,Stair,False,0,0,0,0,Not accessible
242,354,354,L0104,Sterling St,Brooklyn,Bk,IRT,Nostrand,2 5,2,False,Subway,Underground,True,40.662742,-73.95085,POINT(-73.95085 40.662742),40.663274,-73.950855,POINT(-73.950855 40.663274),entrance_centroid,59.2,2,40.663274,-73.950855,33.8,Stair,False,0,0,0,0,Not accessible
243,355,355,L0096,Winthrop St,Brooklyn,Bk,IRT,Nostrand,2 5,2,False,Subway,Underground,True,40.656652,-73.9502,POINT(-73.9502 40.656652),40.656685,-73.950163,POINT(-73.950163 40.656685),entrance_centroid,4.8,2,40.656685,-73.950163,118.3,Stair,False,0,0,0,0,Not accessible
244,356,356,L0093,Church Av,Brooklyn,Bk,IRT,Nostrand,2 5,2,False,Subway,Underground,True,40.650843,-73.949575,POINT(-73.949575 40.650843),40.650796,-73.949603,POINT(-73.949603 40.650796),entrance_centroid,5.7,7,40.650796,-73.949603,54.1,Elevator; Stair,True,0,1,1,1,Fully accessible
245,357,357,L0086,Beverly Rd,Brooklyn,Bk,IRT,Nostrand,2 5,2,False,Subway,Underground,True,40.645098,-73.948959,POINT(-73.948959 40.645098),40.645048,-73.948958,POINT(-73.948958 40.645048),entrance_centroid,5.6,2,40.645048,-73.948958,49.7,Stair,False,0,0,0,0,Not accessible
246,358,358,L0078,Newkirk Av-Little Haiti,Brooklyn,Bk,IRT,Nostrand,2 5,2,False,Subway,Underground,True,40.639967,-73.948411,POINT(-73.948411 40.639967),40.640188,-73.948479,POINT(-73.948479 40.640188),entrance_centroid,25.2,3,40.640188,-73.948479,103.9,Stair,False,0,0,0,0,Not accessible
247,359,359,L0071,Flatbush Av-Brooklyn College,Brooklyn,Bk,IRT,Nostrand,2 5,2,False,Subway,Underground,True,40.632836,-73.947642,POINT(-73.947642 40.632836),40.632654,-73.947593,POINT(-73.947593 40.632654),entrance_centroid,20.7,8,40.632654,-73.947593,167.9,Elevator; Stair,True,0,1,1,1,Fully accessible
601,360,360,L0456,Pelham Bay Park,Bronx,Bx,IRT,Pelham,6,1,False,Elevated,Elevated,False,40.852462,-73.828121,POINT(-73.828121 40.852462),40.852815,-73.826876,POINT(-73.826876 40.852815),entrance_centroid,111.8,5,40.852815,-73.826876,124.4,Elevator; Escalator; Overpass; Stair,True,0,1,1,1,Fully accessible
602,361,361,L0449,Buhre Av,Bronx,Bx,IRT,Pelham,6,1,False,Elevated,Elevated,False,40.84681,-73.832569,POINT(-73.832569 40.84681),40.846965,-73.832435,POINT(-73.832435 40.846965),entrance_centroid,20.6,3,40.846965,-73.832435,51.5,Stair,False,0,0,0,0,Not accessible
603,362,362,L0446,Middletown Rd,Bronx,Bx,IRT,Pelham,6,1,False,Elevated,Elevated,False,40.843863,-73.836322,POINT(-73.836322 40.843863),40.843772,-73.836432,POINT(-73.836432 40.843772),entrance_centroid,13.7,2,40.843772,-73.836432,37.1,Stair,False,0,0,0,0,Not accessible
604,363,363,L0440,Westchester Sq-E Tremont Av,Bronx,Bx,IRT,Pelham,6,1,False,Elevated,Elevated,False,40.839892,-73.842952,POINT(-73.842952 40.839892),40.840128,-73.842875,POINT(-73.842875 40.840128),entrance_centroid,27.0,1,40.840128,-73.842875,0.0,Stair,False,0,1,1,1,Fully accessible
606,364,364,L0437,Zerega Av,Bronx,Bx,IRT,Pelham,6,1,False,Elevated,Elevated,False,40.836488,-73.847036,POINT(-73.847036 40.836488),40.836797,-73.846683,POINT(-73.846683 40.836797),entrance_centroid,45.4,2,40.836797,-73.846683,35.3,Stair,False,0,0,0,0,Not accessible
607,365,365,L0434,Castle Hill Av,Bronx,Bx,IRT,Pelham,6,1,False,Elevated,Elevated,False,40.834255,-73.851222,POINT(-73.851222 40.834255),40.834207,-73.851648,POINT(-73.851648 40.834207),entrance_centroid,36.2,2,40.834207,-73.851648,43.3,Stair,False,0,0,0,0,Not accessible
608,366,366,L0431,Parkchester,Bronx,Bx,IRT,Pelham,6,1,False,Elevated,Elevated,False,40.833226,-73.860816,POINT(-73.860816 40.833226),40.833191,-73.860981,POINT(-73.860981 40.833191),entrance_centroid,14.4,2,40.833191,-73.860981,18.4,Station House,False,0,1,1,1,Fully accessible
609,367,367,L0430,St Lawrence Av,Bronx,Bx,IRT,Pelham,6,1,False,Elevated,Elevated,False,40.831509,-73.867618,POINT(-73.867618 40.831509),40.831623,-73.867253,POINT(-73.867253 40.831623),entrance_centroid,33.2,2,40.831623,-73.867253,43.3,Stair,False,0,0,0,0,Not accessible
610,368,368,L0426,Morrison Av-Soundview,Bronx,Bx,IRT,Pelham,6,1,False,Elevated,Elevated,False,40.829521,-73.874516,POINT(-73.874516 40.829521),40.829506,-73.874702,POINT(-73.874702 40.829506),entrance_centroid,15.7,3,40.829506,-73.874702,46.7,Stair,False,0,0,0,0,Not accessible
611,369,369,L0425,Elder Av,Bronx,Bx,IRT,Pelham,6,1,False,Elevated,Elevated,False,40.828584,-73.879159,POINT(-73.879159 40.828584),40.828574,-73.87919,POINT(-73.87919 40.828574),entrance_centroid,2.8,2,40.828574,-73.87919,38.5,Stair,False,0,0,0,0,Not accessible
612,370,370,L0421,Whitlock Av,Bronx,Bx,IRT,Pelham,6,1,False,Elevated,Elevated,False,40.826525,-73.886283,POINT(-73.886283 40.826525),40.827296,-73.886169,POINT(-73.886169 40.827296),entrance_centroid,86.3,2,40.827296,-73.886169,14.6,Stair,False,0,0,0,0,Not accessible
613,371,371,L0415,Hunts Point Av,Bronx,Bx,IRT,Pelham,6,1,False,Subway,Underground,True,40.820948,-73.890549,POINT(-73.890549 40.820948),40.820672,-73.890936,POINT(-73.890936 40.820672),entrance_centroid,44.7,4,40.820672,-73.890936,94.1,Elevator; Stair,True,0,1,1,1,Fully accessible
614,372,372,L0407,Longwood Av,Bronx,Bx,IRT,Pelham,6,1,False,Subway,Underground,True,40.816104,-73.896435,POINT(-73.896435 40.816104),40.816356,-73.896236,POINT(-73.896236 40.816356),entrance_centroid,32.6,4,40.816356,-73.896236,62.3,Stair,False,0,0,0,0,Not accessible
615,373,373,L0403,E 149 St,Bronx,Bx,IRT,Pelham,6,1,False,Subway,Underground,True,40.812118,-73.904098,POINT(-73.904098 40.812118),40.812132,-73.903959,POINT(-73.903959 40.812132),entrance_centroid,11.8,6,40.812132,-73.903959,67.7,Elevator; Stair,True,0,1,1,1,Fully accessible
616,374,374,L0400,E 143 St-St Mary's St,Bronx,Bx,IRT,Pelham,6,1,False,Subway,Underground,True,40.808719,-73.907657,POINT(-73.907657 40.808719),40.808193,-73.907861,POINT(-73.907861 40.808193),entrance_centroid,61.0,4,40.808193,-73.907861,54.7,Stair,False,0,0,0,0,Not accessible
617,375,375,L0396,Cypress Av,Bronx,Bx,IRT,Pelham,6,1,False,Subway,Underground,True,40.805368,-73.914042,POINT(-73.914042 40.805368),40.805163,-73.913501,POINT(-73.913501 40.805163),entrance_centroid,50.9,4,40.805163,-73.913501,69.9,Stair,False,0,0,0,0,Not accessible
618,376,376,L0397,Brook Av,Bronx,Bx,IRT,Pelham,6,1,False,Subway,Underground,True,40.807566,-73.91924,POINT(-73.91924 40.807566),40.807554,-73.919237,POINT(-73.919237 40.807554),entrance_centroid,1.4,4,40.807554,-73.919237,60.2,Stair,False,0,0,0,0,Not accessible
619,377,377,L0401,3 Av-138 St,Bronx,Bx,IRT,Pelham,6,1,False,Subway,Underground,True,40.810476,-73.926138,POINT(-73.926138 40.810476),40.810419,-73.926056,POINT(-73.926056 40.810419),entrance_centroid,9.4,7,40.810419,-73.926056,174.0,Stair,False,0,0,0,0,Not accessible
401,378,378,L0487,Woodlawn,Bronx,Bx,IRT,Jerome Av,4,1,False,Elevated,Elevated,False,40.886037,-73.878751,POINT(-73.878751 40.886037),40.886778,-73.878248,POINT(-73.878248 40.886778),entrance_centroid,92.6,2,40.886778,-73.878248,23.4,Stair,False,0,0,0,0,Not accessible
402,379,379,L0484,Mosholu Pkwy,Bronx,Bx,IRT,Jerome Av,4,1,False,Elevated,Elevated,False,40.87975,-73.884655,POINT(-73.884655 40.87975),40.879762,-73.884667,POINT(-73.884667 40.879762),entrance_centroid,1.7,4,40.879762,-73.884667,122.7,Stair,False,0,1,1,1,Fully accessible
405,380,380,L0478,Bedford Park Blvd-Lehman College,Bronx,Bx,IRT,Jerome Av,4,1,False,Elevated,Elevated,False,40.873412,-73.890064,POINT(-73.890064 40.873412),40.873571,-73.889878,POINT(-73.889878 40.873571),entrance_centroid,23.6,1,40.873571,-73.889878,0.0,Stair,False,0,0,0,0,Not accessible
406,381,381,L0472,Kingsbridge Rd,Bronx,Bx,IRT,Jerome Av,4,1,False,Elevated,Elevated,False,40.86776,-73.897174,POINT(-73.897174 40.86776),40.867676,-73.897198,POINT(-73.897198 40.867676),entrance_centroid,9.6,3,40.867676,-73.897198,39.5,Stair,False,0,0,0,0,Not accessible
407,382,382,L0467,Fordham Rd,Bronx,Bx,IRT,Jerome Av,4,1,False,Elevated,Elevated,False,40.862803,-73.901034,POINT(-73.901034 40.862803),40.86268,-73.901085,POINT(-73.901085 40.86268),entrance_centroid,14.3,5,40.86268,-73.901085,65.6,Elevator; Stair,True,0,1,1,1,Fully accessible
408,383,383,L0462,183 St,Bronx,Bx,IRT,Jerome Av,4,1,False,Elevated,Elevated,False,40.858407,-73.903879,POINT(-73.903879 40.858407),40.858414,-73.903969,POINT(-73.903969 40.858414),entrance_centroid,7.6,3,40.858414,-73.903969,42.0,Stair,False,0,0,0,0,Not accessible
409,384,384,L0457,Burnside Av,Bronx,Bx,IRT,Jerome Av,4,1,False,Elevated,Elevated,False,40.853453,-73.907684,POINT(-73.907684 40.853453),40.853456,-73.907702,POINT(-73.907702 40.853456),entrance_centroid,1.6,4,40.853456,-73.907702,64.7,Stair,False,0,0,0,0,Not accessible
410,385,385,L0451,176 St,Bronx,Bx,IRT,Jerome Av,4,1,False,Elevated,Elevated,False,40.84848,-73.911794,POINT(-73.911794 40.84848),40.848443,-73.911818,POINT(-73.911818 40.848443),entrance_centroid,4.6,2,40.848443,-73.911818,33.7,Stair,False,0,0,0,0,Not accessible
411,386,386,L0447,Mt Eden Av,Bronx,Bx,IRT,Jerome Av,4,1,False,Elevated,Elevated,False,40.844434,-73.914685,POINT(-73.914685 40.844434),40.844562,-73.914607,POINT(-73.914607 40.844562),entrance_centroid,15.7,2,40.844562,-73.914607,32.0,Stair,False,0,0,0,0,Not accessible
412,387,387,L0441,170 St,Bronx,Bx,IRT,Jerome Av,4,1,False,Elevated,Elevated,False,40.840075,-73.917791,POINT(-73.917791 40.840075),40.840209,-73.91768,POINT(-73.91768 40.840209),entrance_centroid,17.6,5,40.840209,-73.91768,104.0,Elevator; Stair,True,0,1,1,1,Fully accessible
413,388,388,L0435,167 St,Bronx,Bx,IRT,Jerome Av,4,1,False,Elevated,Elevated,False,40.835537,-73.9214,POINT(-73.9214 40.835537),40.835748,-73.92131,POINT(-73.92131 40.835748),entrance_centroid,24.7,4,40.835748,-73.92131,51.9,Stair,False,0,0,0,0,Not accessible
414,389,604,L0424,161 St-Yankee Stadium,Bronx,Bx,IRT,Jerome Av,4,1,False,Elevated,Elevated,False,40.827994,-73.925831,POINT(-73.925831 40.827994),40.827654,-73.926131,POINT(-73.926131 40.827654),entrance_centroid,45.5,8,40.827654,-73.926131,81.4,Stair,False,0,1,1,1,Fully accessible
415,390,603,L0411,149 St-Hostos,Bronx,Bx,IRT,Jerome Av,4,1,False,Subway,Underground,True,40.818375,-73.927351,POINT(-73.927351 40.818375),40.818329,-73.927405,POINT(-73.927405 40.818329),entrance_centroid,6.8,4,40.818329,-73.927405,49.7,Stair,False,0,0,0,0,Not accessible
416,391,391,L0404,138 St-Grand Concourse,Bronx,Bx,IRT,Jerome Av,4 5,2,False,Subway,Underground,True,40.813224,-73.929849,POINT(-73.929849 40.813224),40.813276,-73.929841,POINT(-73.929841 40.813276),entrance_centroid,5.8,3,40.813276,-73.929841,40.3,Stair,False,0,0,0,0,Not accessible
621,392,392,L0394,125 St,Manhattan,M,IRT,Lexington Av,4 5 6,3,False,Subway,Underground,True,40.804138,-73.937594,POINT(-73.937594 40.804138),40.804403,-73.937382,POINT(-73.937382 40.804403),entrance_centroid,34.4,5,40.804403,-73.937382,62.9,Elevator; Stair,True,0,1,1,1,Fully accessible
622,393,393,L0388,116 St,Manhattan,M,IRT,Lexington Av,6,1,False,Subway,Underground,True,40.798629,-73.941617,POINT(-73.941617 40.798629),40.798624,-73.941638,POINT(-73.941638 40.798624),entrance_centroid,1.9,4,40.798624,-73.941638,63.3,Stair,False,0,0,0,0,Not accessible
623,394,394,L0386,110 St,Manhattan,M,IRT,Lexington Av,6,1,False,Subway,Underground,True,40.79502,-73.94425,POINT(-73.94425 40.79502),40.794819,-73.944422,POINT(-73.944422 40.794819),entrance_centroid,26.6,4,40.794819,-73.944422,40.9,Stair,False,0,0,0,0,Not accessible
624,395,395,L0383,103 St,Manhattan,M,IRT,Lexington Av,6,1,False,Subway,Underground,True,40.7906,-73.947478,POINT(-73.947478 40.7906),40.790251,-73.947754,POINT(-73.947754 40.790251),entrance_centroid,45.2,2,40.790251,-73.947754,20.1,Stair,False,0,0,0,0,Not accessible
625,396,396,L0380,96 St,Manhattan,M,IRT,Lexington Av,6,1,False,Subway,Underground,True,40.785672,-73.95107,POINT(-73.95107 40.785672),40.785877,-73.950991,POINT(-73.950991 40.785877),entrance_centroid,23.7,4,40.785877,-73.950991,68.2,Stair,False,0,0,0,0,Not accessible
626,397,397,L0376,86 St,Manhattan,M,IRT,Lexington Av,4 5 6,3,False,Subway,Underground,True,40.779492,-73.955589,POINT(-73.955589 40.779492),40.779526,-73.955547,POINT(-73.955547 40.779526),entrance_centroid,5.2,9,40.779526,-73.955547,78.5,Easement - Street; Elevator; Stair,True,0,2,1,0,Partially accessible
627,398,398,L0371,77 St,Manhattan,M,IRT,Lexington Av,6,1,False,Subway,Underground,True,40.77362,-73.959874,POINT(-73.959874 40.77362),40.773654,-73.959879,POINT(-73.959879 40.773654),entrance_centroid,3.8,8,40.773654,-73.959879,67.3,Stair,False,0,0,0,0,Not accessible
628,399,399,L0365,68 St-Hunter College,Manhattan,M,IRT,Lexington Av,6,1,False,Subway,Underground,True,40.768141,-73.96387,POINT(-73.96387 40.768141),40.767894,-73.964079,POINT(-73.964079 40.767894),entrance_centroid,32.6,6,40.767894,-73.964079,73.4,Easement - Passage; Easement - Street; Stair,False,0,1,1,1,Fully accessible
629,400,613,L0357,59 St,Manhattan,M,IRT,Lexington Av,4 5 6,3,True,Subway,Underground,True,40.762526,-73.967967,POINT(-73.967967 40.762526),40.762594,-73.967913,POINT(-73.967913 40.762594),entrance_centroid,8.8,8,40.762594,-73.967913,141.2,Easement - Passage; Easement - Street; Stair,False,0,0,0,0,Not accessible
630,401,612,L0346,51 St,Manhattan,M,IRT,Lexington Av,6,1,True,Subway,Underground,True,40.757107,-73.97192,POINT(-73.97192 40.757107),40.757032,-73.972068,POINT(-73.972068 40.757032),entrance_centroid,15.0,11,40.757032,-73.972068,110.9,Easement - Passage; Easement - Street; Stair,False,0,1,1,1,Fully accessible
631,402,610,L0328,Grand Central-42 St,Manhattan,M,IRT,Lexington Av,4 5 6,3,True,Subway,Underground,True,40.751776,-73.976848,POINT(-73.976848 40.751776),40.751668,-73.976528,POINT(-73.976528 40.751668),entrance_centroid,29.5,13,40.751668,-73.976528,235.0,Easement - Passage; Easement - Street; Stair,False,0,1,1,1,Fully accessible
632,403,403,L0308,33 St,Manhattan,M,IRT,Lexington Av,6,1,True,Subway,Underground,True,40.746081,-73.982076,POINT(-73.982076 40.746081),40.746114,-73.98203,POINT(-73.98203 40.746114),entrance_centroid,5.3,9,40.746114,-73.98203,151.8,Stair,False,0,0,0,0,Not accessible
633,404,404,L0298,28 St,Manhattan,M,IRT,Lexington Av,6,1,True,Subway,Underground,True,40.74307,-73.984264,POINT(-73.984264 40.74307),40.743113,-73.984286,POINT(-73.984286 40.743113),entrance_centroid,5.1,8,40.743113,-73.984286,163.8,Easement - Passage; Easement - Street; Stair,False,0,2,0,1,Partially accessible
634,405,405,L0290,23 St-Baruch College,Manhattan,M,IRT,Lexington Av,6,1,True,Subway,Underground,True,40.739864,-73.986599,POINT(-73.986599 40.739864),40.739988,-73.986544,POINT(-73.986544 40.739988),entrance_centroid,14.5,13,40.739988,-73.986544,154.4,Easement - Passage; Easement - Street; Elevator; Stair,True,0,1,1,1,Fully accessible
635,406,602,L0282,14 St-Union Sq,Manhattan,M,IRT,Lexington Av,4 5 6,3,True,Subway,Underground,True,40.734673,-73.989951,POINT(-73.989951 40.734673),40.734513,-73.989825,POINT(-73.989825 40.734513),entrance_centroid,20.7,6,40.734513,-73.989825,131.3,Easement - Street; Stair,False,0,0,0,0,Not accessible
636,407,407,L0274,Astor Pl,Manhattan,M,IRT,Lexington Av,6,1,True,Subway,Underground,True,40.730054,-73.99107,POINT(-73.99107 40.730054),40.730071,-73.991138,POINT(-73.991138 40.730071),entrance_centroid,6.0,2,40.730071,-73.991138,54.3,Stair,False,0,0,0,0,Not accessible
637,408,619,L0269,Bleecker St,Manhattan,M,IRT,Lexington Av,6,1,True,Subway,Underground,True,40.725915,-73.994659,POINT(-73.994659 40.725915),40.725633,-73.99471,POINT(-73.99471 40.725633),entrance_centroid,31.7,7,40.725633,-73.99471,150.9,Easement - Street; Stair,False,0,1,1,1,Fully accessible
638,409,409,L0263,Spring St,Manhattan,M,IRT,Lexington Av,6,1,True,Subway,Underground,True,40.722301,-73.997141,POINT(-73.997141 40.722301),40.722304,-73.997125,POINT(-73.997125 40.722304),entrance_centroid,1.4,4,40.722304,-73.997125,71.3,Easement - Street; Stair,False,0,0,0,0,Not accessible
639,410,623,L0257,Canal St,Manhattan,M,IRT,Lexington Av,6,1,True,Subway,Underground,True,40.718803,-74.000193,POINT(-74.000193 40.718803),40.7184,-74.00046,POINT(-74.00046 40.7184),entrance_centroid,50.1,7,40.7184,-74.00046,86.5,Elevator; Stair,True,0,1,1,1,Fully accessible
640,411,622,L0241,Brooklyn Bridge-City Hall,Manhattan,M,IRT,Lexington Av,4 5 6,3,True,Subway,Underground,True,40.713065,-74.004131,POINT(-74.004131 40.713065),40.712776,-74.004603,POINT(-74.004603 40.712776),entrance_centroid,51.1,8,40.712776,-74.004603,268.2,Elevator; Stair,True,0,1,1,1,Fully accessible
418,412,628,L0230,Fulton St,Manhattan,M,IRT,Lexington Av,4 5,2,True,Subway,Underground,True,40.710368,-74.009509,POINT(-74.009509 40.710368),40.710515,-74.009362,POINT(-74.009362 40.710515),entrance_centroid,20.5,11,40.710515,-74.009362,214.3,Easement - Street; Stair; Station House,False,0,1,1,1,Fully accessible
419,413,413,L0223,Wall St,Manhattan,M,IRT,Lexington Av,4 5,2,True,Subway,Underground,True,40.707557,-74.011862,POINT(-74.011862 40.707557),40.707685,-74.011547,POINT(-74.011547 40.707685),entrance_centroid,30.1,10,40.707685,-74.011547,251.6,Easement - Passage; Easement - Street; Stair,False,0,0,0,0,Not accessible
420,414,414,L0212,Bowling Green,Manhattan,M,IRT,Lexington Av,4 5,2,True,Subway,Underground,True,40.704817,-74.014065,POINT(-74.014065 40.704817),40.70453,-74.014253,POINT(-74.014253 40.70453),entrance_centroid,35.6,6,40.70453,-74.014253,127.3,Elevator; Stair; Stair/Escalator; Station House,True,0,1,1,1,Fully accessible
423,415,620,L0182,Borough Hall,Brooklyn,Bk,IRT,Eastern Pky,4 5,2,False,Subway,Underground,True,40.692404,-73.990151,POINT(-73.990151 40.692404),40.692462,-73.990551,POINT(-73.990551 40.692462),entrance_centroid,34.3,5,40.692462,-73.990551,101.4,Easement - Street; Stair,False,0,1,1,1,Fully accessible
201,416,416,L0493,Wakefield-241 St,Bronx,Bx,IRT,Lenox - White Plains Rd,2,1,False,Elevated,Elevated,False,40.903125,-73.85062,POINT(-73.85062 40.903125),40.903481,-73.85027,POINT(-73.85027 40.903481),entrance_centroid,49.3,3,40.903481,-73.85027,54.9,Stair,False,0,0,0,0,Not accessible
204,417,417,L0492,Nereid Av,Bronx,Bx,IRT,Lenox - White Plains Rd,2 5,2,False,Elevated,Elevated,False,40.898379,-73.854376,POINT(-73.854376 40.898379),40.898477,-73.8543,POINT(-73.8543 40.898477),entrance_centroid,12.6,2,40.898477,-73.8543,49.1,Stair,False,0,0,0,0,Not accessible
205,418,418,L0491,233 St,Bronx,Bx,IRT,Lenox - White Plains Rd,2 5,2,False,Elevated,Elevated,False,40.893193,-73.857473,POINT(-73.857473 40.893193),40.893578,-73.857362,POINT(-73.857362 40.893578),entrance_centroid,43.8,3,40.893578,-73.857362,30.1,Elevator; Stair,True,0,1,1,1,Fully accessible
206,419,419,L0488,225 St,Bronx,Bx,IRT,Lenox - White Plains Rd,2 5,2,False,Elevated,Elevated,False,40.888022,-73.860341,POINT(-73.860341 40.888022),40.887815,-73.860483,POINT(-73.860483 40.887815),entrance_centroid,25.9,2,40.887815,-73.860483,45.4,Stair,False,0,0,0,0,Not accessible
207,420,420,L0485,219 St,Bronx,Bx,IRT,Lenox - White Plains Rd,2 5,2,False,Elevated,Elevated,False,40.883895,-73.862633,POINT(-73.862633 40.883895),40.883594,-73.862811,POINT(-73.862811 40.883594),entrance_centroid,36.7,2,40.883594,-73.862811,45.7,Stair,False,0,0,0,0,Not accessible
208,421,421,L0481,Gun Hill Rd,Bronx,Bx,IRT,Lenox - White Plains Rd,2 5,2,False,Elevated,Elevated,False,40.87785,-73.866256,POINT(-73.866256 40.87785),40.877594,-73.866448,POINT(-73.866448 40.877594),entrance_centroid,32.7,3,40.877594,-73.866448,16.2,Station House,False,0,1,1,1,Fully accessible
209,422,422,L0476,Burke Av,Bronx,Bx,IRT,Lenox - White Plains Rd,2 5,2,False,Elevated,Elevated,False,40.871356,-73.867164,POINT(-73.867164 40.871356),40.871445,-73.867163,POINT(-73.867163 40.871445),entrance_centroid,9.9,2,40.871445,-73.867163,46.0,Stair,False,0,0,0,0,Not accessible
210,423,423,L0469,Allerton Av,Bronx,Bx,IRT,Lenox - White Plains Rd,2 5,2,False,Elevated,Elevated,False,40.865462,-73.867352,POINT(-73.867352 40.865462),40.865431,-73.867361,POINT(-73.867361 40.865431),entrance_centroid,3.5,2,40.865431,-73.867361,43.3,Stair,False,0,0,0,0,Not accessible
211,424,424,L0461,Pelham Pkwy,Bronx,Bx,IRT,Lenox - White Plains Rd,2 5,2,False,Elevated,Elevated,False,40.857192,-73.867615,POINT(-73.867615 40.857192),40.857075,-73.867642,POINT(-73.867642 40.857075),entrance_centroid,13.2,5,40.857075,-73.867642,191.0,Elevator; Stair; Stair/Escalator,True,0,1,1,1,Fully accessible
212,425,425,L0452,Bronx Park East,Bronx,Bx,IRT,Lenox - White Plains Rd,2 5,2,False,Elevated,Elevated,False,40.848828,-73.868457,POINT(-73.868457 40.848828),40.849054,-73.868314,POINT(-73.868314 40.849054),entrance_centroid,27.9,3,40.849054,-73.868314,60.1,Stair,False,0,0,0,0,Not accessible
213,426,426,L0445,E 180 St,Bronx,Bx,IRT,Lenox - White Plains Rd,2 5,2,False,Elevated,Elevated,False,40.841894,-73.873488,POINT(-73.873488 40.841894),40.841338,-73.873196,POINT(-73.873196 40.841338),entrance_centroid,66.5,2,40.841338,-73.873196,57.1,Station House,False,0,1,1,1,Fully accessible
214,427,427,L0442,West Farms Sq-E Tremont Av,Bronx,Bx,IRT,Lenox - White Plains Rd,2 5,2,False,Elevated,Elevated,False,40.840295,-73.880049,POINT(-73.880049 40.840295),40.84069,-73.879677,POINT(-73.879677 40.84069),entrance_centroid,53.9,5,40.84069,-73.879677,102.3,Escalator; Stair,False,0,0,0,0,Not accessible
215,428,428,L0438,174 St,Bronx,Bx,IRT,Lenox - White Plains Rd,2 5,2,False,Elevated,Elevated,False,40.837288,-73.887734,POINT(-73.887734 40.837288),40.83739,-73.88765,POINT(-73.88765 40.83739),entrance_centroid,13.4,4,40.83739,-73.88765,75.6,Stair,False,0,0,0,0,Not accessible
216,429,429,L0427,Freeman St,Bronx,Bx,IRT,Lenox - White Plains Rd,2 5,2,False,Elevated,Elevated,False,40.829993,-73.891865,POINT(-73.891865 40.829993),40.830161,-73.891733,POINT(-73.891733 40.830161),entrance_centroid,21.7,4,40.830161,-73.891733,70.7,Stair,False,0,0,0,0,Not accessible
217,430,430,L0419,Simpson St,Bronx,Bx,IRT,Lenox - White Plains Rd,2 5,2,False,Elevated,Elevated,False,40.824073,-73.893064,POINT(-73.893064 40.824073),40.82415,-73.892943,POINT(-73.892943 40.82415),entrance_centroid,13.3,6,40.82415,-73.892943,72.4,Elevator; Stair,True,0,1,1,1,Fully accessible
218,431,431,L0417,Intervale Av,Bronx,Bx,IRT,Lenox - White Plains Rd,2 5,2,False,Elevated,Elevated,False,40.822181,-73.896736,POINT(-73.896736 40.822181),40.822333,-73.89665,POINT(-73.89665 40.822333),entrance_centroid,18.4,3,40.822333,-73.89665,44.7,Escalator; Stair,False,0,0,0,0,Not accessible
219,432,432,L0413,Prospect Av,Bronx,Bx,IRT,Lenox - White Plains Rd,2 5,2,False,Elevated,Elevated,False,40.819585,-73.90177,POINT(-73.90177 40.819585),40.819629,-73.901709,POINT(-73.901709 40.819629),entrance_centroid,7.1,5,40.819629,-73.901709,75.1,Stair,False,0,0,0,0,Not accessible
220,433,433,L0409,Jackson Av,Bronx,Bx,IRT,Lenox - White Plains Rd,2 5,2,False,Elevated,Elevated,False,40.81649,-73.907807,POINT(-73.907807 40.81649),40.816515,-73.907766,POINT(-73.907766 40.816515),entrance_centroid,4.4,4,40.816515,-73.907766,84.7,Stair,False,0,0,0,0,Not accessible
221,434,434,L0408,3 Av-149 St,Bronx,Bx,IRT,Lenox - White Plains Rd,2 5,2,False,Subway,Underground,True,40.816109,-73.917757,POINT(-73.917757 40.816109),40.816108,-73.917758,POINT(-73.917758 40.816108),entrance_centroid,0.1,8,40.816108,-73.917758,72.1,Elevator; Stair,True,0,1,1,1,Fully accessible
222,435,603,L0412,149 St-Hostos,Bronx,Bx,IRT,Lenox - White Plains Rd,2 5,2,False,Subway,Underground,True,40.81841,-73.926718,POINT(-73.926718 40.81841),40.81841,-73.926718,POINT(-73.926718 40.81841),platform_fallback,0.0,0,,,,,False,0,0,0,0,Not accessible
301,436,436,L0418,Harlem-148 St,Manhattan,M,IRT,Lenox - White Plains Rd,3,1,False,Subway,Underground,True,40.82388,-73.93647,POINT(-73.93647 40.82388),40.824084,-73.936986,POINT(-73.936986 40.824084),entrance_centroid,49.0,1,40.824084,-73.936986,0.0,Station House,False,0,1,1,1,Fully accessible
302,437,437,L0414,145 St,Manhattan,M,IRT,Lenox - White Plains Rd,3,1,False,Subway,Underground,True,40.820421,-73.936245,POINT(-73.936245 40.820421),40.820446,-73.93624,POINT(-73.93624 40.820446),entrance_centroid,2.8,4,40.820446,-73.93624,75.2,Stair,False,0,0,0,0,Not accessible
224,438,438,L0405,135 St,Manhattan,M,IRT,Lenox - White Plains Rd,2 3,2,False,Subway,Underground,True,40.814229,-73.94077,POINT(-73.94077 40.814229),40.814118,-73.94087,POINT(-73.94087 40.814118),entrance_centroid,14.9,6,40.814118,-73.94087,67.5,Elevator; Stair,True,0,1,1,1,Fully accessible
225,439,439,L0399,125 St,Manhattan,M,IRT,Lenox - White Plains Rd,2 3,2,False,Subway,Underground,True,40.807754,-73.945495,POINT(-73.945495 40.807754),40.807789,-73.945493,POINT(-73.945493 40.807789),entrance_centroid,3.9,4,40.807789,-73.945493,64.9,Stair,False,0,0,0,0,Not accessible
226,440,440,L0392,116 St,Manhattan,M,IRT,Lenox - White Plains Rd,2 3,2,False,Subway,Underground,True,40.802098,-73.949625,POINT(-73.949625 40.802098),40.802033,-73.949692,POINT(-73.949692 40.802033),entrance_centroid,9.2,4,40.802033,-73.949692,61.3,Stair,False,0,0,0,0,Not accessible
227,441,441,L0389,110 St-Malcolm X Plaza,Manhattan,M,IRT,Lenox - White Plains Rd,2 3,2,False,Subway,Underground,True,40.799075,-73.951822,POINT(-73.951822 40.799075),40.798772,-73.952365,POINT(-73.952365 40.798772),entrance_centroid,56.8,2,40.798772,-73.952365,77.4,Stair,False,0,0,0,0,Not accessible
501,442,442,L0489,Eastchester-Dyre Av,Bronx,Bx,IRT,Dyre Av,5,1,False,At Grade,At Grade,False,40.8883,-73.830834,POINT(-73.830834 40.8883),40.88798,-73.831195,POINT(-73.831195 40.88798),entrance_centroid,46.8,1,40.88798,-73.831195,0.0,Station House,False,0,0,0,0,Not accessible
502,443,443,L0482,Baychester Av,Bronx,Bx,IRT,Dyre Av,5,1,False,Open Cut,Open Cut,False,40.878663,-73.838591,POINT(-73.838591 40.878663),40.879424,-73.837908,POINT(-73.837908 40.879424),entrance_centroid,102.3,2,40.879424,-73.837908,22.6,Station House,False,0,0,0,0,Not accessible
503,444,444,L0475,Gun Hill Rd,Bronx,Bx,IRT,Dyre Av,5,1,False,Open Cut,Open Cut,False,40.869526,-73.846384,POINT(-73.846384 40.869526),40.870117,-73.845869,POINT(-73.845869 40.870117),entrance_centroid,78.7,1,40.870117,-73.845869,0.0,Station House,False,0,1,1,1,Fully accessible
504,445,445,L0463,Pelham Pkwy,Bronx,Bx,IRT,Dyre Av,5,1,False,Open Cut,Open Cut,False,40.858985,-73.855359,POINT(-73.855359 40.858985),40.858817,-73.855524,POINT(-73.855524 40.858817),entrance_centroid,23.3,1,40.858817,-73.855524,0.0,Station House,False,0,0,0,0,Not accessible
505,446,446,L0458,Morris Park,Bronx,Bx,IRT,Dyre Av,5,1,False,Open Cut,Open Cut,False,40.854364,-73.860495,POINT(-73.860495 40.854364),40.854544,-73.860248,POINT(-73.860248 40.854544),entrance_centroid,28.8,1,40.854544,-73.860248,0.0,Station House,False,0,0,0,0,Not accessible
701,447,447,L0351,Flushing-Main St,Queens,Q,IRT,Flushing,7,1,False,Subway,Underground,True,40.7596,-73.83003,POINT(-73.83003 40.7596),40.759685,-73.829661,POINT(-73.829661 40.759685),entrance_centroid,32.5,14,40.759685,-73.829661,204.1,Elevator; Escalator; Stair,True,0,1,1,1,Fully accessible
702,448,448,L0337,Mets-Willets Point,Queens,Q,IRT,Flushing,7,1,False,Elevated,Elevated,False,40.754622,-73.845625,POINT(-73.845625 40.754622),40.754529,-73.845708,POINT(-73.845708 40.754529),entrance_centroid,12.5,6,40.754529,-73.845708,95.9,Ramp; Stair; Station House,False,0,0,0,0,Not accessible
705,449,449,L0327,111 St,Queens,Q,IRT,Flushing,7,1,False,Elevated,Elevated,False,40.75173,-73.855334,POINT(-73.855334 40.75173),40.751528,-73.855896,POINT(-73.855896 40.751528),entrance_centroid,52.4,3,40.751528,-73.855896,42.3,Stair,False,0,0,0,0,Not accessible
706,450,450,L0323,103 St-Corona Plaza,Queens,Q,IRT,Flushing,7,1,False,Elevated,Elevated,False,40.749865,-73.8627,POINT(-73.8627 40.749865),40.749881,-73.862463,POINT(-73.862463 40.749881),entrance_centroid,20.0,4,40.749881,-73.862463,31.7,Stair,False,0,0,0,0,Not accessible
707,451,451,L0319,Junction Blvd,Queens,Q,IRT,Flushing,7,1,False,Elevated,Elevated,False,40.749145,-73.869527,POINT(-73.869527 40.749145),40.749201,-73.869419,POINT(-73.869419 40.749201),entrance_centroid,11.0,5,40.749201,-73.869419,52.5,Elevator; Stair,True,0,1,1,1,Fully accessible
708,452,452,L0317,90 St-Elmhurst Av,Queens,Q,IRT,Flushing,7,1,False,Elevated,Elevated,False,40.748408,-73.876613,POINT(-73.876613 40.748408),40.748516,-73.876494,POINT(-73.876494 40.748516),entrance_centroid,15.6,3,40.748516,-73.876494,34.1,Stair,False,0,0,0,0,Not accessible
709,453,453,L0315,82 St-Jackson Hts,Queens,Q,IRT,Flushing,7,1,False,Elevated,Elevated,False,40.747659,-73.883697,POINT(-73.883697 40.747659),40.747706,-73.883959,POINT(-73.883959 40.747706),entrance_centroid,22.7,3,40.747706,-73.883959,43.5,Stair,False,0,0,0,0,Not accessible
710,454,616,L0312,74 St-Broadway,Queens,Q,IRT,Flushing,7,1,False,Elevated,Elevated,False,40.746848,-73.891394,POINT(-73.891394 40.746848),40.747116,-73.891415,POINT(-73.891415 40.747116),entrance_centroid,29.9,1,40.747116,-73.891415,0.0,Stair,False,0,1,1,1,Fully accessible
711,455,455,L0309,69 St,Queens,Q,IRT,Flushing,7,1,False,Elevated,Elevated,False,40.746325,-73.896403,POINT(-73.896403 40.746325),40.746348,-73.896337,POINT(-73.896337 40.746348),entrance_centroid,6.1,2,40.746348,-73.896337,45.5,Stair,False,0,0,0,0,Not accessible
712,456,456,L0306,61 St-Woodside,Queens,Q,IRT,Flushing,7,1,False,Elevated,Elevated,False,40.74563,-73.902984,POINT(-73.902984 40.74563),40.745697,-73.902962,POINT(-73.902962 40.745697),entrance_centroid,7.7,9,40.745697,-73.902962,93.8,Elevator; Escalator; Stair,True,0,1,1,1,Fully accessible
713,457,457,L0303,52 St,Queens,Q,IRT,Flushing,7,1,False,Elevated,Elevated,False,40.744149,-73.912549,POINT(-73.912549 40.744149),40.744265,-73.912191,POINT(-73.912191 40.744265),entrance_centroid,32.8,4,40.744265,-73.912191,165.5,Stair,False,0,0,0,0,Not accessible
714,458,458,L0299,46 St-Bliss St,Queens,Q,IRT,Flushing,7,1,False,Elevated,Elevated,False,40.743132,-73.918435,POINT(-73.918435 40.743132),40.74314,-73.91842,POINT(-73.91842 40.74314),entrance_centroid,1.5,6,40.74314,-73.91842,84.5,Stair,False,0,0,0,0,Not accessible
715,459,459,L0300,40 St-Lowery St,Queens,Q,IRT,Flushing,7,1,False,Elevated,Elevated,False,40.743781,-73.924016,POINT(-73.924016 40.743781),40.743816,-73.92427,POINT(-73.92427 40.743816),entrance_centroid,21.7,4,40.743816,-73.92427,23.1,Stair,False,0,0,0,0,Not accessible
716,460,460,L0304,33 St-Rawson St,Queens,Q,IRT,Flushing,7,1,False,Elevated,Elevated,False,40.744587,-73.930997,POINT(-73.930997 40.744587),40.744645,-73.931409,POINT(-73.931409 40.744645),entrance_centroid,35.3,6,40.744645,-73.931409,84.3,Stair,False,0,0,0,0,Not accessible
R09,461,461,L0325,Queensboro Plaza,Queens,Q,BMT,Astoria,N W,2,False,Elevated,Elevated,False,40.750582,-73.940202,POINT(-73.940202 40.750582),40.750569,-73.93995,POINT(-73.93995 40.750569),entrance_centroid,21.3,2,40.750569,-73.93995,75.6,Easement - Street; Stair,False,0,1,1,1,Fully accessible
718,461,461,L0325,Queensboro Plaza,Queens,Q,IRT,Flushing,7,1,False,Elevated,Elevated,False,40.750582,-73.940202,POINT(-73.940202 40.750582),40.750569,-73.93995,POINT(-73.93995 40.750569),entrance_centroid,21.3,2,40.750569,-73.93995,75.6,Easement - Street; Stair,False,0,1,1,1,Fully accessible
719,462,606,L0313,Court Sq,Queens,Q,IRT,Flushing,7,1,False,Elevated,Elevated,False,40.747023,-73.945264,POINT(-73.945264 40.747023),40.746175,-73.945494,POINT(-73.945494 40.746175),entrance_centroid,96.3,3,40.746175,-73.945494,38.1,Elevator; Stair,True,0,1,1,1,Fully accessible
720,463,463,L0294,Hunters Point Av,Queens,Q,IRT,Flushing,7,1,False,Subway,Underground,True,40.742216,-73.948916,POINT(-73.948916 40.742216),40.742461,-73.948295,POINT(-73.948295 40.742461),entrance_centroid,59.0,3,40.742461,-73.948295,45.7,Stair,False,0,0,0,0,Not accessible
721,464,464,L0296,Vernon Blvd-Jackson Av,Queens,Q,IRT,Flushing,7,1,False,Subway,Underground,True,40.742626,-73.953581,POINT(-73.953581 40.742626),40.74261,-73.953412,POINT(-73.953412 40.74261),entrance_centroid,14.3,8,40.74261,-73.953412,176.6,Stair,False,0,0,0,0,Not accessible
723,465,610,L0326,Grand Central-42 St,Manhattan,M,IRT,Flushing,7,1,True,Subway,Underground,True,40.751431,-73.976041,POINT(-73.976041 40.751431),40.750894,-73.975118,POINT(-73.975118 40.750894),entrance_centroid,98.0,1,40.750894,-73.975118,0.0,Easement - Street,False,0,1,1,1,Fully accessible
724,466,609,L0334,5 Av,Manhattan,M,IRT,Flushing,7,1,True,Subway,Underground,True,40.753821,-73.981963,POINT(-73.981963 40.753821),40.754025,-73.982568,POINT(-73.982568 40.754025),entrance_centroid,55.8,3,40.754025,-73.982568,159.3,Stair,False,0,0,0,0,Not accessible
725,467,611,L0340,Times Sq-42 St,Manhattan,M,IRT,Flushing,7,1,True,Subway,Underground,True,40.755477,-73.987691,POINT(-73.987691 40.755477),40.755477,-73.987691,POINT(-73.987691 40.755477),platform_fallback,0.0,0,,,,,False,0,1,1,1,Fully accessible
902,468,611,L0342,Times Sq-42 St,Manhattan,M,IRT,Lexington - Shuttle,S,1,True,Subway,Underground,True,40.755983,-73.986229,POINT(-73.986229 40.755983),40.756139,-73.986426,POINT(-73.986426 40.756139),entrance_centroid,24.0,2,40.756139,-73.986426,10.0,Elevator; Stair,True,0,1,1,1,Fully accessible
901,469,610,L0331,Grand Central-42 St,Manhattan,M,IRT,Lexington - Shuttle,S,1,True,Subway,Underground,True,40.752769,-73.979189,POINT(-73.979189 40.752769),40.752725,-73.978609,POINT(-73.978609 40.752725),entrance_centroid,49.1,8,40.752725,-73.978609,189.8,Easement - Passage; Easement - Street; Stair,False,0,1,1,1,Fully accessible
726,471,471,L0341,34 St-Hudson Yards,Manhattan,M,IRT,Flushing,7,1,True,Subway,Underground,True,40.755882,-74.00191,POINT(-74.00191 40.755882),40.75521,-74.000828,POINT(-74.000828 40.75521),entrance_centroid,117.9,3,40.75521,-74.000828,132.6,Elevator; Stair/Escalator,True,0,1,1,1,Fully accessible
Q05,475,475,L0379,96 St,Manhattan,M,IND,Second Av,Q,1,False,Subway,Underground,True,40.784318,-73.947152,POINT(-73.947152 40.784318),40.783491,-73.947777,POINT(-73.947777 40.783491),entrance_centroid,105.9,4,40.783491,-73.947777,174.6,Easement - Street; Elevator; Escalator; Stair/Escalator,True,0,1,1,1,Fully accessible
Q04,476,476,L0374,86 St,Manhattan,M,IND,Second Av,Q,1,False,Subway,Underground,True,40.777891,-73.951787,POINT(-73.951787 40.777891),40.777312,-73.951679,POINT(-73.951679 40.777312),entrance_centroid,65.0,4,40.777312,-73.951679,263.2,Easement - Street; Elevator; Escalator,True,0,1,1,1,Fully accessible
Q03,477,477,L0368,72 St,Manhattan,M,IND,Second Av,Q,1,False,Subway,Underground,True,40.768799,-73.958424,POINT(-73.958424 40.768799),40.767961,-73.958927,POINT(-73.958927 40.767961),entrance_centroid,102.4,4,40.767961,-73.958927,261.1,Easement - Street; Stair/Escalator,False,0,1,1,1,Fully accessible
S31,501,501,L0082,St George,Staten Island,SI,SIR,Staten Island,SIR,1,False,Open Cut,Open Cut,False,40.643748,-74.073643,POINT(-74.073643 40.643748),40.644124,-74.073086,POINT(-74.073086 40.644124),entrance_centroid,62.9,2,40.644124,-74.073086,18.3,Easement - Passage,False,0,1,1,1,Fully accessible
S30,502,502,L0077,Tompkinsville,Staten Island,SI,SIR,Staten Island,SIR,1,False,At Grade,At Grade,False,40.636949,-74.074835,POINT(-74.074835 40.636949),40.637666,-74.075021,POINT(-74.075021 40.637666),entrance_centroid,81.3,1,40.637666,-74.075021,0.0,Station House,False,0,0,0,0,Not accessible
S29,503,503,L0065,Stapleton,Staten Island,SI,SIR,Staten Island,SIR,1,False,Elevated,Elevated,False,40.627915,-74.075162,POINT(-74.075162 40.627915),40.627962,-74.075172,POINT(-74.075172 40.627962),entrance_centroid,5.3,2,40.627962,-74.075172,143.0,Stair,False,0,0,0,0,Not accessible
S28,504,504,L0059,Clifton,Staten Island,SI,SIR,Staten Island,SIR,1,False,Elevated,Elevated,False,40.621319,-74.071402,POINT(-74.071402 40.621319),40.621464,-74.071525,POINT(-74.071525 40.621464),entrance_centroid,19.2,4,40.621464,-74.071525,142.3,Stair,False,0,0,0,0,Not accessible
S27,505,505,L0041,Grasmere,Staten Island,SI,SIR,Staten Island,SIR,1,False,Open Cut,Open Cut,False,40.603117,-74.084087,POINT(-74.084087 40.603117),40.603677,-74.083663,POINT(-74.083663 40.603677),entrance_centroid,71.8,1,40.603677,-74.083663,0.0,Stair,False,0,0,0,0,Not accessible
S26,506,506,L0035,Old Town,Staten Island,SI,SIR,Staten Island,SIR,1,False,Embankment,Open Cut,False,40.596612,-74.087368,POINT(-74.087368 40.596612),40.59618,-74.087605,POINT(-74.087605 40.59618),entrance_centroid,52.0,3,40.59618,-74.087605,44.9,Stair,False,0,0,0,0,Not accessible
S25,507,507,L0026,Dongan Hills,Staten Island,SI,SIR,Staten Island,SIR,1,False,Embankment,Open Cut,False,40.588849,-74.09609,POINT(-74.09609 40.588849),40.588816,-74.096132,POINT(-74.096132 40.588816),entrance_centroid,5.1,6,40.588816,-74.096132,104.7,Ramp; Stair,False,0,1,1,1,Fully accessible
S24,508,508,L0021,Jefferson Av,Staten Island,SI,SIR,Staten Island,SIR,1,False,Embankment,Open Cut,False,40.583591,-74.103338,POINT(-74.103338 40.583591),40.584008,-74.102809,POINT(-74.102809 40.584008),entrance_centroid,64.4,2,40.584008,-74.102809,21.1,Stair,False,0,0,0,0,Not accessible
S23,509,509,L0017,Grant City,Staten Island,SI,SIR,Staten Island,SIR,1,False,Open Cut,Open Cut,False,40.578965,-74.109704,POINT(-74.109704 40.578965),40.579235,-74.109362,POINT(-74.109362 40.579235),entrance_centroid,41.7,4,40.579235,-74.109362,87.9,Overpass; Stair,False,0,0,0,0,Not accessible
S22,510,510,L0012,New Dorp,Staten Island,SI,SIR,Staten Island,SIR,1,False,Open Cut,Open Cut,False,40.57348,-74.11721,POINT(-74.11721 40.57348),40.573606,-74.117064,POINT(-74.117064 40.573606),entrance_centroid,18.7,5,40.573606,-74.117064,154.0,Elevator; Stair,True,0,1,1,1,Fully accessible
S21,511,511,L0011,Oakwood Heights,Staten Island,SI,SIR,Staten Island,SIR,1,False,Open Cut,Open Cut,False,40.56511,-74.12632,POINT(-74.12632 40.56511),40.564965,-74.126533,POINT(-74.126533 40.564965),entrance_centroid,24.2,4,40.564965,-74.126533,113.4,Stair,False,0,0,0,0,Not accessible
S20,512,512,L0010,Bay Terrace,Staten Island,SI,SIR,Staten Island,SIR,1,False,Embankment,Open Cut,False,40.5564,-74.136907,POINT(-74.136907 40.5564),40.556278,-74.137108,POINT(-74.137108 40.556278),entrance_centroid,21.7,3,40.556278,-74.137108,149.2,Stair; Underpass,False,0,0,0,0,Not accessible
S19,513,513,L0009,Great Kills,Staten Island,SI,SIR,Staten Island,SIR,1,False,Open Cut,Open Cut,False,40.551231,-74.151399,POINT(-74.151399 40.551231),40.551428,-74.151022,POINT(-74.151022 40.551428),entrance_centroid,38.7,4,40.551428,-74.151022,101.5,Stair; Stair/Ramp,False,0,1,1,1,Fully accessible
S18,514,514,L0008,Eltingville,Staten Island,SI,SIR,Staten Island,SIR,1,False,Embankment,Open Cut,False,40.544601,-74.16457,POINT(-74.16457 40.544601),40.544491,-74.164923,POINT(-74.164923 40.544491),entrance_centroid,32.2,3,40.544491,-74.164923,88.1,Stair,False,0,0,0,0,Not accessible
S17,515,515,L0007,Annadale,Staten Island,SI,SIR,Staten Island,SIR,1,False,Open Cut,Open Cut,False,40.54046,-74.178217,POINT(-74.178217 40.54046),40.540495,-74.177863,POINT(-74.177863 40.540495),entrance_centroid,30.2,3,40.540495,-74.177863,117.9,Stair,False,0,0,0,0,Not accessible
S16,516,516,L0006,Huguenot,Staten Island,SI,SIR,Staten Island,SIR,1,False,Open Cut,Open Cut,False,40.533674,-74.191794,POINT(-74.191794 40.533674),40.533185,-74.192317,POINT(-74.192317 40.533185),entrance_centroid,70.1,2,40.533185,-74.192317,11.7,Stair,False,0,0,0,0,Not accessible
S15,517,517,L0005,Prince's Bay,Staten Island,SI,SIR,Staten Island,SIR,1,False,Open Cut,Open Cut,False,40.525507,-74.200064,POINT(-74.200064 40.525507),40.525398,-74.200309,POINT(-74.200309 40.525398),entrance_centroid,24.0,3,40.525398,-74.200309,121.7,Stair,False,1,0,0,0,Not accessible
S14,518,518,L0004,Pleasant Plains,Staten Island,SI,SIR,Staten Island,SIR,1,False,Embankment,Open Cut,False,40.52241,-74.217847,POINT(-74.217847 40.52241),40.522555,-74.217148,POINT(-74.217148 40.522555),entrance_centroid,61.2,2,40.522555,-74.217148,24.8,Stair,False,0,0,0,0,Not accessible
S13,519,519,L0003,Richmond Valley,Staten Island,SI,SIR,Staten Island,SIR,1,False,Open Cut,Open Cut,False,40.519631,-74.229141,POINT(-74.229141 40.519631),40.519633,-74.229158,POINT(-74.229158 40.519633),entrance_centroid,1.5,4,40.519633,-74.229158,79.2,Stair,False,0,0,0,0,Not accessible
S09,522,522,L0001,Tottenville,Staten Island,SI,SIR,Staten Island,SIR,1,False,At Grade,At Grade,False,40.512764,-74.251961,POINT(-74.251961 40.512764),40.51275,-74.251975,POINT(-74.251975 40.51275),entrance_centroid,2.0,4,40.51275,-74.251975,215.8,Ramp; Stair,False,0,1,1,1,Fully accessible
S11,523,523,L0002,Arthur Kill,Staten Island,SI,SIR,Staten Island,SIR,1,False,At Grade,At Grade,False,40.516578,-74.242096,POINT(-74.242096 40.516578),40.51671,-74.241921,POINT(-74.241921 40.51671),entrance_centroid,20.8,3,40.51671,-74.241921,28.8,Ramp; Stair/Ramp; Stair/Ramp/Walkway,False,0,1,1,1,Fully accessible
